id,date,plot_date,date_precision,status,recorded_under,what,routes,record,ref
ch-gc-misconduct-rule-effective,2025-01-01,2025-01-01,day,final,rules for every award,"The revised Public Health Service research misconduct rule (42 CFR part 93; 89 FR 76280, September 17, 2024) took effect January 1, 2025, with its requirements applicable from January 1, 2026.",,changes/ch-gc-misconduct-rule-effective,2008
ch-cc-neh-pag-no-notice-since-2025,2025-01-10,2025-01-10,day,final,capacity,"The last Preservation Assistance Grants for Smaller Institutions notice closed January 10, 2025; Grants.gov shows no notice for a later cycle.",preservation-facilities-and-capital-grants,changes/ch-cc-neh-pag-no-notice-since-2025,1726;1727
ch-fb-mott-closes-unsolicited,2025-01,2025-01-15,month,final,foundations,Since January 2025 the Charles Stewart Mott Foundation has not accepted unsolicited letters of inquiry or proposals.,,changes/ch-fb-mott-closes-unsolicited,2298
ch-fb-gates-name,2025-01-17,2025-01-17,day,final,foundations,"A trade-press report of January 17, 2025 says the Bill & Melinda Gates Foundation took the name Gates Foundation. Its 2024 Form 990-PF summary and its own pages use the name Gates Foundation.",,changes/ch-fb-gates-name,2331;2258;2254;2502;2484
ch-cb-eo-14148-revokes-tribal-college-order,2025-01-20,2025-01-20,day,final,capacity,"Executive Order 14148 revoked Executive Order 14049 of October 11, 2021 on Native American education and strengthening tribal colleges and universities, together with the 2021 orders on Hispanics, Black Americans and Asian Americans,…",,changes/ch-cb-eo-14148-revokes-tribal-college-order,1619;1620
ch-fc-executive-order-14173,2025-01-21,2025-01-21,day,final,foundations,"Executive Order 14173, signed January 21, 2025, directs each agency to ""identify up to nine potential civil compliance investigations"" of bodies that include ""foundations with assets of 500 million dollars or more"", with a report by the…",,changes/ch-fc-executive-order-14173,1862
ch-ga-2025-01-21-eo-14173-certification-term,2025-01-21,2025-01-21,day,in-litigation,rules for every award,Executive Order 14173 directed every agency to include in each grant award a term making compliance with federal anti-discrimination laws material for False Claims Act purposes and a certification that the recipient does not operate DEI…,,changes/ch-ga-2025-01-21-eo-14173-certification-term,1862;1865
ch-nih-simplified-review-2025,2025-01-25,2025-01-25,day,final,research,"The simplified peer review framework took effect for due dates from January 25, 2025: two factors scored 1 to 9 and a third rated sufficient or insufficient, for most research project activity codes.",nih-investigator-initiated-grant;nih-targeted-and-large-awards;nih-r15-for-institutions-with-little-nih-funding,changes/ch-nih-simplified-review-2025,39;41
ch-sc-nea-fy26-guideline-changes,2025-02-06,2025-02-06,day,final,programme-service,"The NEA cancelled Challenge America for FY 2026, replaced the February 13, 2025 deadline with March 11 and July 10, 2025, stated a five-year arts programming requirement, and barred applying to both Grants for Arts Projects and Our Town…",arts-humanities-libraries-and-media,changes/ch-sc-nea-fy26-guideline-changes,1361
ch-nih-indirect-cost-guidance-2025,2025-02-07,2025-02-07,day,vacated,research,NIH issued NOT-OD-25-068 announcing a standard 15% indirect cost rate on all grants in place of negotiated rates.,nih-investigator-initiated-grant;nih-targeted-and-large-awards;nih-r15-for-institutions-with-little-nih-funding,changes/ch-nih-indirect-cost-guidance-2025,25;24;134
ch-pe-neh-awards-faculty-2025-modified,2025-02-10,2025-02-10,day,final,people,"NEH modified the 2025 Awards for Faculty notice on February 10 and March 6, 2025, in its sections on background and funding restrictions.",humanities-arts-and-international-fellowships,changes/ch-pe-neh-awards-faculty-2025-modified,1055
ch-pd-fulbright-disbursement-pause-2025,2025-02-12,2025-02-12,day,final,people,"An alumni association's tracker records a 15-day temporary pause on all disbursements of State Department grant funding beginning February 12, 2025, affecting Fulbright and other exchange programmes.",humanities-arts-and-international-fellowships,changes/ch-pd-fulbright-disbursement-pause-2025,1021
ch-sa-2025-02-14-cms-navigator-funding,2025-02-14,2025-02-14,day,final,programme-service,"CMS announced that Navigator funding would be $10 million a year for the remaining budget periods of the performance period August 27, 2024 to August 26, 2029, against $98 million to 56 organizations in the 2024 plan year.",health-and-behavioural-health-services,changes/ch-sa-2025-02-14-cms-navigator-funding,1191;1192
ch-fa-czi-refining-focus,2025-02-18,2025-02-18,day,final,foundations,"The Chan Zuckerberg Initiative stated on February 18, 2025 that it had ""focused CZI primarily on science research"", had wound down social advocacy funding and had completed its racial equity grantmaking, while honouring a small number…",,changes/ch-fa-czi-refining-focus,2232
ch-pa-f-diversity-notices-closed-2025,2025-02-21,2025-02-21,day,final,people,"Grants.gov records show three NIH notices with a close date of February 21, 2025 and archived status: PA-23-271 (F31 diversity fellowship), PAR-24-225 (MOSAIC K99/R00) and PA-23-189 (diversity supplements); the MARC T34 notice…",predoctoral-fellowship;student-pipeline-and-access-programmes,changes/ch-pa-f-diversity-notices-closed-2025,800;799;801;802
ch-re-2025-02-21-ssa-rdrc-terminated,2025-02-21,2025-02-21,day,final,research,"The Social Security Administration announced that it was terminating its Retirement and Disability Research Consortium cooperative agreements, citing an executive order on diversity, equity and inclusion programmes, and stated about $15…",education-social-and-justice-research,changes/ch-re-2025-02-21-ssa-rdrc-terminated,626
ch-fb-macarthur-set-it-at-six,2025-02-25,2025-02-25,day,final,foundations,"The MacArthur Foundation raised its baseline payout to 6 percent for 2025 and 2026, 'as a floor, not a ceiling', and committed to flexible, trust-based grant models where possible.",,changes/ch-fb-macarthur-set-it-at-six,2326
ch-pb-early-2025-archives,2025-02-25,2025-02-25,day,final,people,"Pages last updated between January 21 and February 25, 2025 show these people-family opportunities as archived: the Career-Life Balance supplement letter (January 21), BRC-BIO (January 22), the high-school research assistantship letter…",postdoctoral-fellowship;early-career-faculty-award;student-pipeline-and-access-programmes,changes/ch-pb-early-2025-archives,846;845;838;851;852;889
ch-nih-centralized-peer-review-2025,2025-03-06,2025-03-06,day,final,research,"NIH announced that peer review of all applications for grants, cooperative agreements and R&D contracts would be centralized in the Center for Scientific Review; CSR took over first-level review from 23 institute review branches during…",nih-targeted-and-large-awards,changes/ch-nih-centralized-peer-review-2025,55;54;40
ch-sa-2025-03-06-hrsa-letter-to-grantees,2025-03-06,2025-03-06,day,announced,programme-service,"The HRSA Administrator wrote to hospital administrators and grant recipients that HRSA will review its policies, grants and programmes, including Children's Hospitals Graduate Medical Education payments, and may re-scope, delay or…",health-and-behavioural-health-services,changes/ch-sa-2025-03-06-hrsa-letter-to-grantees,1195;1145
ch-gb-2025-03-08-fsrs-retired,2025-03-08,2025-03-08,day,final,rules for every award,"FSRS.gov was retired on March 8, 2025 and all subaward reporting moved into SAM.gov, as GSA had announced on December 31, 2024. A reporter now needs a role for the entity in SAM.gov.",,changes/ch-gb-2025-03-08-fsrs-retired,1903;1902;1904
c-rf-eo-14238,2025-03-14,2025-03-14,day,enjoined,research,"Executive Order 14238 directed that the non-statutory components and functions of seven entities, among them the Institute of Museum and Library Services, be eliminated and their statutory functions reduced to the minimum required by law.",humanities-arts-and-cultural-heritage-research,changes/c-rf-eo-14238,688;687
cdmrp-fy25-reduced-funding,2025-03-15,2025-03-15,day,final,research,"Under the full-year continuing resolution signed March 15, 2025, CDMRP received $650 million for 12 programmes in FY 2025.",defense-basic-research,changes/cdmrp-fy25-reduced-funding,353
c-rf-ed-rif-2025-03,2025-03-21,2025-03-21,day,final,research,"The Department of Education announced a reduction in force taking its workforce from 4,133 to roughly 2,183, with affected staff placed on administrative leave from March 21, 2025.",,changes/c-rf-ed-rif-2025-03,671;670
ch-re-2025-03-24-hhs-public-health-grant-terminations,2025-03-24,2025-03-24,day,enjoined,research,"HHS terminated about $11 billion in CDC and SAMHSA public health grants effective March 24-25, 2025, stating that the end of the pandemic was cause.",,changes/ch-re-2025-03-24-hhs-public-health-grant-terminations,544
ch-sa-2025-03-24-public-health-grant-terminations,2025-03-24,2025-03-24,day,enjoined,programme-service,"On March 24 and 25, 2025 HHS issued notices terminating about $11 billion in CDC and SAMHSA public health grants, stating that the end of the pandemic was cause.",health-and-behavioural-health-services;formula-money-through-the-state,changes/ch-sa-2025-03-24-public-health-grant-terminations,544;1210
ch-fb-rwjf-payout-6-5,2025-03-25,2025-03-25,day,announced,foundations,"A Center for Effective Philanthropy post of March 25, 2025 says the Robert Wood Johnson Foundation was paying out at 6.5 percent; no RWJF page stating the rate was found.",,changes/ch-fb-rwjf-payout-6-5,2364
ch-sc-usda-f2s-fy25-cancelled,2025-03-25,2025-03-25,day,final,programme-service,"An association reports that USDA cancelled the fiscal year 2025 Patrick Leahy Farm to School competition. The FY 2026 request followed on September 10, 2025 with a single award range of $100,000 to $500,000.",food-environment-and-community-development,changes/ch-sc-usda-f2s-fy25-cancelled,1415;1414;1413
ch-re-2025-03-27-hhs-reorganisation-announced,2025-03-27,2025-03-27,day,announced,research,"HHS announced a reorganisation: about 10,000 staff to be cut, 28 divisions consolidated into 15, a new Administration for a Healthy America combining OASH, HRSA, SAMHSA, ATSDR and NIOSH, AHRQ merged with ASPE into an Office of Strategy,…",,changes/ch-re-2025-03-27-hhs-reorganisation-announced,530;531
ch-sa-2025-03-27-hhs-reorganisation-announced,2025-03-27,2025-03-27,day,announced,programme-service,"HHS announced a reorganisation, giving a workforce reduction from 82,000 to 62,000 full-time employees, 28 divisions consolidated into 15, regional offices cut from 10 to 5, and a new Administration for a Healthy America combining OASH,…",,changes/ch-sa-2025-03-27-hhs-reorganisation-announced,530
ch-sb-acfc-reorganisation,2025-03-27,2025-03-27,day,announced,programme-service,"HHS announced that ACL's programmes would be integrated into ACF, ASPE and CMS. The FY2027 budget presents ACF and ACL together as the Administration for Children, Families, and Communities and describes the integration as planned.",,changes/ch-sb-acfc-reorganisation,530;1339;533;1255
ch-pe-niosh-training-notices-updated-2025-03,2025-03-31,2025-03-31,day,final,people,"NIOSH updated its Education and Research Centers notice on March 31, 2025 to align with agency priorities, and its Training Project Grants notice carries an update of the same date.",institutional-training-grant;health-workforce-training-and-loan-repayment,changes/ch-pe-niosh-training-notices-updated-2025-03,1061;1063;1059
ch-re-2025-03-31-notices-updated-agency-priorities,2025-03-31,2025-03-31,day,final,research,"AHRQ and NIOSH standing research announcements carry a related notice dated March 31, 2025 stating that the funding opportunity was updated to align with agency priorities.",health-services-and-public-health-research,changes/ch-re-2025-03-31-notices-updated-agency-priorities,507;508;556;558
ch-sa-2025-03-31-title-x-funds-withheld,2025-03-31,2025-03-31,day,announced,programme-service,"A policy organization reports that on March 31, 2025, 16 of 86 Title X grantees were notified that year 4 funding of a 5-year project period would be temporarily withheld, affecting 879 clinics in 23 states.",health-and-behavioural-health-services,changes/ch-sa-2025-03-31-title-x-funds-withheld,1221
ch-pd-neh-terminations-2025-04,2025-04-01,2025-04-01,day,vacated,people,"On April 1 to 3, 2025 NEH terminated more than 1,400 grants, representing over $100 million, among them awards to individual scholars of $30,000 to $60,000.",humanities-arts-and-international-fellowships,changes/ch-pd-neh-terminations-2025-04,642
ch-re-2025-04-01-hhs-reductions-in-force,2025-04-01,2025-04-01,day,final,research,"Reduction-in-force notices went to NIOSH and Center for Tobacco Products staff on April 1, 2025, as a government filing records.",,changes/ch-re-2025-04-01-hhs-reductions-in-force,541;524;523
c-rf-neh-terminations-2025-04,2025-04-02,2025-04-02,day,on-appeal,research,"Between April 1 and April 3, 2025 NEH terminated over 1,400 grants representing more than $100 million in appropriated funds, as found by the Southern District of New York.",,changes/c-rf-neh-terminations-2025-04,642;643
ch-sc-neh-council-grants-terminated,2025-04-02,2025-04-02,day,enjoined,programme-service,"NEH terminated the general operating support grants of the state and jurisdictional humanities councils on April 2, 2025; on August 6, 2025 the District of Oregon granted a preliminary injunction and an APA stay against the terminations.",arts-humanities-libraries-and-media;formula-money-through-the-state,changes/ch-sc-neh-council-grants-terminated,1448;1449
ch-ga-2025-04-04-scotus-ed-v-california,2025-04-04,2025-04-04,day,final,rules for every award,"In Department of Education v. California the Supreme Court stayed a district court order that had required continued payment of terminated Teacher Quality Partnership and SEED grants, stating that the Government was likely to show the…",,changes/ch-ga-2025-04-04-scotus-ed-v-california,1804;28
c-rd-2025-04-08-doc-princeton,2025-04-08,2025-04-08,day,final,research,"The Department of Commerce announced the end of funding under three NOAA cooperative agreements with Princeton University, nearly $4 million, with funding ending June 30, 2025, stating that the awards were no longer aligned with the…",agriculture-environment-and-physical-science-agencies,changes/c-rd-2025-04-08-doc-princeton,450
ch-pb-grfp-2025-award-count,2025-04-08,2025-04-08,day,final,people,"The FY 2025 solicitation said NSF would support up to 2,300 new fellowships per fiscal year.",,changes/ch-pb-grfp-2025-award-count,885;864;863;860;861
doe-15pct-indirect-ihe-2025,2025-04-11,2025-04-11,day,vacated,research,DOE Policy Flash 2025-22 set a standardized 15 percent indirect cost rate for grants to institutions of higher education.,energy-department-research,changes/doe-15pct-indirect-ihe-2025,288;360;291
ch-sc-usda-pcsc-cancelled,2025-04-14,2025-04-14,day,final,programme-service,"USDA cancelled the Partnerships for Climate-Smart Commodities programme and said existing projects could continue if at least 65 percent of federal funds go to producers and the project had enrolled and paid a producer by December 31, 2024.",,changes/ch-sc-usda-pcsc-cancelled,1418
ch-fa-helmsley-grant-terms-2025,2025-04,2025-04-15,month,final,foundations,"The Helmsley Charitable Trust's grant terms, last updated April 2025, set indirect costs at up to 20% of direct project costs for organisations with operating budgets under $5 million and up to 10% for larger ones.",,changes/ch-fa-helmsley-grant-terms-2025,2185
ch-sb-ojp-award-terminations-2025,2025-04,2025-04-15,month,on-appeal,programme-service,"In April 2025 OJP terminated 376 discretionary awards to 219 recipients, worth more than $820 million, with notices citing 2 C.F.R. 200.340(a)(4).",justice-victim-services-and-legal-aid,changes/ch-sb-ojp-award-terminations-2025,1281;1282
c-nsf-2025-04-priorities-terminations,2025-04-18,2025-04-18,day,final,research,"NSF published its Updates on NSF Priorities page and terminated awards it judged not aligned with agency priorities, naming diversity, equity and inclusion, environmental justice, and misinformation and disinformation; it states that…",,changes/c-nsf-2025-04-priorities-terminations,154
ch-pb-priorities-and-terminations,2025-04-18,2025-04-18,day,in-litigation,people,"NSF's priorities page, published April 18, 2025 and last updated July 24, 2026, says awards not aligned with agency priorities have been terminated, that terminations are not appealable to NSF, and that outreach and participation…",institutional-training-grant;student-pipeline-and-access-programmes,changes/ch-pb-priorities-and-terminations,154
ch-ga-2025-04-21-nih-civil-rights-term-issued-and-rescinded,2025-04-21,2025-04-21,day,rescinded,rules for every award,"NIH added a civil rights term and condition of award on April 21, 2025, under which accepting an award certified that the recipient does not operate DEI programmes in violation of federal anti-discrimination laws and does not engage in…",,changes/ch-ga-2025-04-21-nih-civil-rights-term-issued-and-rescinded,1870;1871
ch-re-2025-04-doj-ojp-terminations,2025-04-22,2025-04-22,day,final,research,"In April 2025 the Office of Justice Programs terminated 376 grant awards to 219 recipients, worth over $820 million, with notices stating the awards no longer effectuated programme goals or agency priorities.",education-social-and-justice-research,changes/ch-re-2025-04-doj-ojp-terminations,621;622;623;624
ch-cb-eo-14283-hbcu-initiative,2025-04-23,2025-04-23,day,final,capacity,"Executive Order 14283 set up a White House Initiative on historically Black colleges and universities in the Executive Office of the President and a Board of Advisors in the Department of Education, directed agencies to file annual…",designated-institution-programmes,changes/ch-cb-eo-14283-hbcu-initiative,1618
ch-gd-2025-04-23-eo-14282-section-117,2025-04-23,2025-04-23,day,final,rules for every award,"Executive Order 14282, ""Transparency Regarding Foreign Influence at American Universities"", signed April 23, 2025 and published at 90 FR 17541, directs the Secretary of Education to enforce section 117 of the Higher Education Act and…",,changes/ch-gd-2025-04-23-eo-14282-section-117,2106
ch-pa-t32-childcare-procedure,2025-04-25,2025-04-25,day,final,people,"NIH changed how childcare costs are provided on institutional NRSA training grants: the $3,000 per trainee is now provided for 25% of full-time trainee slots, with administrative supplements for more.",institutional-training-grant,changes/ch-pa-t32-childcare-procedure,788
ch-sc-americorps-terminations-2025-04,2025-04-25,2025-04-25,day,enjoined,programme-service,"AmeriCorps terminated 1,031 grants, approximately $396.5 million, on April 25, 2025, after ending the service of all NCCC members on April 15 and placing about 85 percent of staff on leave on April 16; the stated ground was that the…",national-service,changes/ch-sc-americorps-terminations-2025-04,1380
ch-fa-mellon-humanities-councils-emergency,2025-04-29,2025-04-29,day,final,foundations,"The Mellon Foundation announced $15 million in emergency funding for all 56 state and jurisdictional humanities councils, through the Federation of State Humanities Councils, of which $2.8 million is for challenge grants of up to…",,changes/ch-fa-mellon-humanities-councils-emergency,2213;2214
ch-fb-mellon-humanities-councils,2025-04-29,2025-04-29,day,final,foundations,"The Mellon Foundation announced $15 million in emergency funding to the Federation of State Humanities Councils for 56 state and jurisdictional councils, of which $2.8 million is for challenge grants of up to $50,000 per council, after…",arts-humanities-libraries-and-media,changes/ch-fb-mellon-humanities-councils,2213
ch-gd-2025-05-01-doe-research-security-training-mandatory,2025-05-01,2025-05-01,day,final,rules for every award,"Under DOE Financial Assistance Letter FAL 2025-02, research security training for covered individuals on research and development financial assistance applications was optional until May 1, 2025 and mandatory thereafter.",,changes/ch-gd-2025-05-01-doe-research-security-training-mandatory,2107
ch-nih-foreign-subawards-2025,2025-05-01,2025-05-01,day,final,research,"NOT-OD-25-104 stated that NIH will not issue awards that include a subaward to a foreign entity, effective on release; direct awards to foreign organizations continue.",nih-investigator-initiated-grant;nih-targeted-and-large-awards,changes/ch-nih-foreign-subawards-2025,22;101;144
research-security-training-doe-2025,2025-05-01,2025-05-01,day,final,research,"DOE's research security training certification, set by FAL 2025-02 of October 7, 2024, became mandatory after May 1, 2025.",energy-department-research,changes/research-security-training-doe-2025,310;279
c-nsf-2025-05-idc-15-percent,2025-05-02,2025-05-02,day,vacated,research,"Policy Notice NSF 25-034 capped indirect costs at 15 percent of modified total direct costs on new awards to institutions of higher education from May 5, 2025.",nsf-core-research-proposal,changes/c-nsf-2025-05-idc-15-percent,237;238;154
c-rd-2025-05-02-dot-utc-terminations,2025-05-02,2025-05-02,day,final,research,"DOT announced the termination of seven university grants totalling $54 million. DOT's list of centres marks grants terminated on May 2, 2025 on the stated ground that the grant ""no longer effectuates the program goals or agency priorities"".",agriculture-environment-and-physical-science-agencies,changes/c-rd-2025-05-02-dot-utc-terminations,496;495
c-rf-nea-terminations-2025-05,2025-05-02,2025-05-02,day,final,research,"A trade magazine reports that the NEA sent grant termination notices on the evening of May 2, 2025, with a seven-day appeal window. No NEA page read in this sweep describes the terminations.",,changes/c-rf-nea-terminations-2025-05,713;653
ch-fa-rapid-response-bridge-funding,2025-05-02,2025-05-02,day,final,foundations,"The Spencer Foundation, with the Kapor Foundation, the William T. Grant Foundation and the Alfred P. Sloan Foundation, opened a Rapid Response Bridge Funding Program on May 2, 2025: grants of up to $25,000, with no indirect costs, for…",,changes/ch-fa-rapid-response-bridge-funding,2197;2198
ch-cd-neh-humanities-initiatives-no-2026-notice,2025-05-06,2025-05-06,day,final,capacity,"The last Humanities Initiatives notice closed May 6, 2025; after six yearly notices, Grants.gov shows none for 2026. The last Infrastructure and Capacity Building Challenge Grants notice in the listing closed May 17, 2023.",designated-institution-programmes;research-centres-and-institutional-research-capacity;preservation-facilities-and-capital-grants,changes/ch-cd-neh-humanities-initiatives-no-2026-notice,1786;1781
ch-fb-gates-2045,2025-05-08,2025-05-08,day,announced,foundations,The Gates Foundation announced that it will spend more than $200 billion over twenty years and close in 2045; its earlier plan was to close 20 years after Bill Gates's death.,,changes/ch-fb-gates-2045,2252
ch-pd-fulbright-hays-cancelled-2025,2025-05-09,2025-05-09,day,final,people,"The Department of Education withdrew its fiscal year 2025 notices and cancelled the Fulbright-Hays Group Projects Abroad, Doctoral Dissertation Research Abroad and Faculty Research Abroad competitions (90 FR 19688), stating that it was…",predoctoral-fellowship;humanities-arts-and-international-fellowships,changes/ch-pd-fulbright-hays-cancelled-2025,1011
ch-sc-ntia-digital-equity-cancelled,2025-05-09,2025-05-09,day,in-litigation,programme-service,"The Digital Equity Competitive Grant Program was cancelled on May 9, 2025, on the stated ground that the Act allocated funds by the race of beneficiaries.",food-environment-and-community-development,changes/ch-sc-ntia-digital-equity-cancelled,1426;1428
dod-15pct-indirect-2025,2025-05-14,2025-05-14,day,vacated,research,"A May 14, 2025 memorandum from the Secretary of Defense and a June 12, 2025 memorandum from the Under Secretary for Research and Engineering capped indirect costs at 15% on assistance awards to institutions of higher education.",defense-basic-research,changes/dod-15pct-indirect-2025,293;292;291
ch-pa-nrsa-stipends-fy2025,2025-05-16,2025-05-16,day,final,people,"NIH set FY 2025 NRSA stipends: predoctoral $28,788; postdoctoral $62,232 at 0 years of experience to $75,564 at 7 or more; the notice applied to awards made on or after October 1, 2024.",,changes/ch-pa-nrsa-stipends-fy2025,733
ch-ca-nsf-indirect-cost-cap-vacated,2025-05-19,2025-05-19,day,vacated,capacity,"NSF states that its 15% indirect cost policy (NSF 25-034) is not in effect because a federal court vacated it, that it reverted to negotiated rates as of May 19, 2025, and that new awards carry language applying the cap if NSF is later…",research-instrumentation-and-facilities;epscor-and-idea-jurisdictions,changes/ch-ca-nsf-indirect-cost-cap-vacated,154
ch-fa-hhmi-competitions-paused-2025,2025-05-19,2025-05-19,day,final,foundations,"A news report of May 19, 2025 states that HHMI paused applications to the Hanna Gray Fellows programme, quoting HHMI: ""we have made the difficult decision to pause competitions for now"".",foundation-fellowship-and-scholar-award,changes/ch-fa-hhmi-competitions-paused-2025,2231;2163;2501
ch-ga-2025-05-19-doj-civil-rights-fraud-initiative,2025-05-19,2025-05-19,day,final,rules for every award,"The Deputy Attorney General established the Civil Rights Fraud Initiative to bring False Claims Act cases against recipients of federal funds that knowingly violate civil rights laws while certifying compliance, co-led by the Civil…",,changes/ch-ga-2025-05-19-doj-civil-rights-fraud-initiative,1863
ch-pa-esi-extension-2025,2025-05-20,2025-05-20,day,final,people,"NIH automatically extended early-stage investigator status by one to three receipt cycles for people affected by disruptions between January 1 and May 31, 2025, with October 2025 as the last submission under the extension.",,changes/ch-pa-esi-extension-2025,787
ch-gb-2025-05-21-sam-records-retention,2025-05-21,2025-05-21,day,final,rules for every award,"GSA announced that SAM.gov registration data more than ten years past its expiration date is destroyed, and told users to download older data before June 19, 2025.",,changes/ch-gb-2025-05-21-sam-records-retention,1906
ch-pb-lsamp-agep-page-status,2025-05-22,2025-05-22,day,final,people,"The LSAMP page, last updated May 22, 2025, shows ""waiting for new publication"" and no due dates; LSAMP's Bridge tracks had paid stipends and cost of education to cohorts of graduate students.",,changes/ch-pb-lsamp-agep-page-status,881;882
ch-ca-nih-inbre-notice-expired-and-forecast,2025-05-23,2025-05-23,day,announced,capacity,"The INBRE notice PAR-23-100 expired on May 23, 2025. A forecast for PAR-26-026, posted September 22, 2025 and updated May 13, 2026, estimates a post date of February 18, 2027 and a due date of May 18, 2027.",epscor-and-idea-jurisdictions,changes/ch-ca-nih-inbre-notice-expired-and-forecast,1548;1549
ch-pa-k-early-end-exception,2025-05-28,2025-05-28,day,final,people,"NIH made a temporary exception to NIH Grants Policy Statement section 12.3.7 so that a person whose mentored career development award ended early on or after January 1, 2025 could apply for another; the notice said the exception would…",mentored-career-development-award,changes/ch-pa-k-early-end-exception,786
ch-gc-nih-ibc-minutes-public,2025-06-01,2025-06-01,day,final,rules for every award,"Under NOT-OD-25-082, minutes of Institutional Biosafety Committee meetings held on or after June 1, 2025 must be posted on a public-facing institutional website.",,changes/ch-gc-nih-ibc-minutes-public,2001
ch-sc-americorps-injunction-2025-06,2025-06-05,2025-06-05,day,enjoined,programme-service,In Maryland v. Corporation for National and Community Service the District of Maryland enjoined the closure of the terminated programmes in 24 plaintiff States and the District of Columbia until notice-and-comment rulemaking is…,national-service,changes/ch-sc-americorps-injunction-2025-06,1380
c-nsf-2025-06-mftrp-annual-certification,2025-06-07,2025-06-07,day,final,research,"From June 7, 2025 PIs and co-PIs on NSF awards made on or after May 20, 2024 certify each year that they are not party to a malign foreign talent recruitment programme.",,changes/c-nsf-2025-06-mftrp-annual-certification,247
nasa-termination-appeal-2025,2025-06-09,2025-06-09,day,final,research,GIC 25-02 gives a recipient 30 calendar days from NASA's written notice of intent to terminate to appeal.,,changes/nasa-termination-appeal-2025,384
ch-cb-tennessee-v-ed-filed,2025-06-11,2025-06-11,day,in-litigation,capacity,"Tennessee and Students for Fair Admissions sued the Department of Education in the Eastern District of Tennessee (No. 3:25-cv-270), challenging the Developing HSIs, PPOHA and HSI STEM and Articulation programmes.",designated-institution-programmes,changes/ch-cb-tennessee-v-ed-filed,1607
ch-pd-fulbright-board-resignation-2025,2025-06-11,2025-06-11,day,final,people,"Members of the J. William Fulbright Foreign Scholarship Board resigned; their statement says awards were denied to a substantial number of people selected for 2025-2026 and that a further 1,200 foreign Fulbright recipients were put…",humanities-arts-and-international-fellowships,changes/ch-pd-fulbright-board-resignation-2025,1020
ch-sc-ed-gearup-reopened-2025,2025-06-11,2025-06-11,day,final,programme-service,"The Department of Education reopened the FY 2025 GEAR UP State and Partnership competitions with a June 25, 2025 deadline, removed competitive preference priorities and required earlier applicants to resubmit.",workforce-and-education-programmes,changes/ch-sc-ed-gearup-reopened-2025,1394;1403
ch-pa-fellowship-parents-reissued,2025-06-13,2025-06-13,day,final,people,"NIH reissued the five parent fellowship notices (F31 PA-25-422, F32 PA-25-423, F33 PA-25-424, F30 PA-25-425 and PA-25-426), open July 8, 2025 and expiring May 8, 2028.",predoctoral-fellowship;postdoctoral-fellowship,changes/ch-pa-fellowship-parents-reissued,736;737;739;738;784;757
ch-pa-k99-window-extension-2025,2025-06-13,2025-06-13,day,final,people,"NIH automatically extended K99/R00 eligibility by one to three receipt cycles for candidates whose window would have ended between October 2024 and January 2026, with a last submission in October/November 2025.",mentored-career-development-award,changes/ch-pa-k99-window-extension-2025,791
c-rf-imls-withholding-gao,2025-06-16,2025-06-16,day,final,research,GAO decided that IMLS violated the Impoundment Control Act when it withheld appropriated funds; it counted approximately $78.5 million in terminated competitive grants and $4-5 million in terminated contracts.,,changes/c-rf-imls-withholding-gao,690;687
ch-fc-irs-technical-guide-foundation-classification,2025-06-20,2025-06-20,day,final,foundations,"The IRS published three technical guides, among them TG 3-27 on foundation classification and TG 70 on charitable trusts.",,changes/ch-fc-irs-technical-guide-foundation-classification,2462
c-nsf-2025-06-thakur-injunction,2025-06-23,2025-06-23,day,on-appeal,research,"The Northern District of California ordered NSF, EPA and NEH to reinstate grants to University of California researchers terminated by form letter or under Executive Orders 14151 or 14173.",,changes/c-nsf-2025-06-thakur-injunction,240;154;241
ch-pb-training-programmes-waiting,2025-06-27,2025-06-27,day,final,people,"The Research Traineeship and Noyce pages, both last updated June 27, 2025, show ""waiting for new publication"" and no upcoming due dates; the SBE postdoctoral fellowship page shows the same and was last updated January 5, 2026.",postdoctoral-fellowship;institutional-training-grant;health-workforce-training-and-loan-repayment,changes/ch-pb-training-programmes-waiting,827;857;826;828;858;230
ch-nih-public-access-2025,2025-07-01,2025-07-01,day,final,research,"The 2024 NIH Public Access Policy took effect on July 1, 2025, a date set by NOT-OD-25-101 of April 30, 2025; manuscripts accepted on or after that date go to PubMed Central and are public without embargo on the official date of…",,changes/ch-nih-public-access-2025,34;125
ch-re-2025-07-01-ny-v-kennedy-injunction,2025-07-01,2025-07-01,day,enjoined,research,"A district court enjoined HHS from carrying out further reductions in force and restructuring under the March 27, 2025 announcement at CDC, the Center for Tobacco Products, the Office of Head Start and ASPE. The First Circuit denied a…",,changes/ch-re-2025-07-01-ny-v-kennedy-injunction,542;543
ch-sa-2025-07-01-reorganisation-injunction,2025-07-01,2025-07-01,day,enjoined,programme-service,"A district court injunction of July 1, 2025, clarified August 12, 2025, covers reductions in force and restructuring at parts of CDC, the FDA Center for Tobacco Products, the Office of Head Start and a division of ASPE. The First…",,changes/ch-sa-2025-07-01-reorganisation-injunction,543
ch-sa-2025-07-01-tpp-policy-notice,2025-07-01,2025-07-01,day,final,programme-service,"OASH issued Teen Pregnancy Prevention Program Policy Notice 2025-01 to recipients, subrecipients and service sites.",health-and-behavioural-health-services,changes/ch-sa-2025-07-01-tpp-policy-notice,1184
ch-ca-nsf-mri-fy2026-window-not-held,2025-07-02,2025-07-02,day,final,capacity,"NSF announced that it would not accept new MRI proposals in the FY 2026 window (October 15 – November 14, 2025) and that proposals submitted then would be returned without review; it would instead consider more awards from the FY 2025…",research-instrumentation-and-facilities,changes/ch-ca-nsf-mri-fy2026-window-not-held,1514
ch-nih-grant-terminations-litigation,2025-07-02,2025-07-02,day,on-appeal,research,"A district court judgment of July 2, 2025 declared challenged NIH directives and the resulting grant terminations unlawful and vacated both; the First Circuit denied a stay on July 18, 2025.",,changes/ch-nih-grant-terminations-litigation,30;28;29;133
ch-cc-epa-ggrf-terminated-and-repealed,2025-07-04,2025-07-04,day,rescinded,capacity,"EPA terminated $20 billion in National Clean Investment Fund and Clean Communities Investment Accelerator grants on March 11, 2025; the law signed July 4, 2025 repealed section 134 of the Clean Air Act and rescinded the Greenhouse Gas…",,changes/ch-cc-epa-ggrf-terminated-and-repealed,1751
ch-fc-foundation-excise-tax-unchanged,2025-07-04,2025-07-04,day,enacted,foundations,The private foundation excise tax on net investment income stayed at 1.39 percent; the IRS page updated 11-Sep-2026 gives that rate.,,changes/ch-fc-foundation-excise-tax-unchanged,2378;2395;2498;2497
ch-fc-pl-119-21-enacted,2025-07-04,2025-07-04,day,enacted,foundations,"Public Law 119-21 was enacted on July 4, 2025. Its tax title includes sections 70415 (endowment excise tax), 70424 (deduction for non-itemisers), 70425 (0.5 percent floor for individuals) and 70426 (1-percent floor for corporations).",,changes/ch-fc-pl-119-21-enacted,2391
ch-sc-epa-ecj-rescission,2025-07-04,2025-07-04,day,rescinded,programme-service,"Public Law 119-21 includes section 60016, headed rescission of funding for environmental and climate justice block grants.",food-environment-and-community-development,changes/ch-sc-epa-ecj-rescission,1422
ch-gc-nih-publication-cost-limit,2025-07-08,2025-07-08,day,announced,rules for every award,"The NIH Director stated that NIH will implement a cap on allowable publication costs starting in FY 2026. A request for information of July 30, 2025 gave five options and an intended effective date of January 1, 2026.",,changes/ch-gc-nih-publication-cost-limit,2030;2031
ch-sb-rhy-short-application-windows,2025-07-09,2025-07-09,day,final,programme-service,"The Basic Center notice stayed open about two months each year to 2024, 19 days in 2025 (July 9 to July 28) and 25 days in 2026 (July 23 to August 17). No FY2026 Transitional Living or Maternity Group Home notice was found.",children-family-and-ageing-services,changes/ch-sb-rhy-short-application-windows,1233;1236
c-nsf-2025-07-important-notice-149,2025-07-10,2025-07-10,day,final,research,"Important Notice 149, issued July 10, 2025 and effective December 2, 2025, put in place research security training for senior/key personnel, the annual malign-foreign-talent certification, a bar on funding institutions with Confucius…",,changes/c-nsf-2025-07-important-notice-149,247;149
nasa-roses-2025-july-release,2025-07-10,2025-07-10,day,final,research,"ROSES-2025 was released on July 10, 2025 rather than in February. It made dual-anonymous peer review the default, removed inclusion plans, solicited fewer programme elements and required SciENcv biographical sketches.",nasa-research-announcements,changes/nasa-roses-2025-july-release,372;294;377;375
ch-sa-2025-07-14-prwora-federal-public-benefit,2025-07-14,2025-07-14,day,vacated,programme-service,"HHS published a notice, effective on publication, that revises its 1998 interpretation of ""federal public benefit"" under PRWORA and adds 13 programmes, including the Health Center Program, Title X, CCBHCs, the two SAMHSA block grants…",health-and-behavioural-health-services,changes/ch-sa-2025-07-14-prwora-federal-public-benefit,1175;1177;1178;1176;1145;1479
ch-sb-prwora-federal-public-benefit-notices,2025-07-14,2025-07-14,day,vacated,programme-service,"HHS published a notice reinterpreting ""federal public benefit"" under PRWORA and adding thirteen programmes, among them Head Start and the Community Services Block Grant, effective on publication.",children-family-and-ageing-services,changes/ch-sb-prwora-federal-public-benefit-notices,1175;1231;1230;1223;1479
ch-sc-ed-trio-denials-and-discontinuations-2025,2025-07,2025-07-15,month,enjoined,programme-service,"In July 2025 the Department denied new FY 2025 Student Support Services applications and in summer 2025 discontinued existing TRIO grants, stating that the applications took account of race in ways that conflict with its policy.",workforce-and-education-programmes,changes/ch-sc-ed-trio-denials-and-discontinuations-2025,1389;1390;1489
ch-gc-lep-gov-suspended,2025-07-17,2025-07-17,day,pending-implementation,rules for every award,"The Justice Department's Civil Rights Division suspended the operations of lep.gov pending an internal review under Executive Order 14224, and says materials will be replaced when new guidance is issued.",,changes/ch-gc-lep-gov-suspended,2042;2040
ch-nih-ai-and-application-limit-2025,2025-07-17,2025-07-17,day,final,research,"NOT-OD-25-132 limited each PD/PI to six new, renewal, resubmission or revision applications per calendar year, excluding T codes and R13, and stated that applications substantially developed by AI are not considered the applicant's…",nih-investigator-initiated-grant;nih-targeted-and-large-awards;nih-r15-for-institutions-with-little-nih-funding,changes/ch-nih-ai-and-application-limit-2025,12;140
ch-nih-other-support-training-2025,2025-07-17,2025-07-17,day,final,research,"NOT-OD-25-133 required recipient institutions, from October 1, 2025, to train senior/key personnel on other support disclosure and keep a written, enforced policy.",,changes/ch-nih-other-support-training-2025,128
ch-pa-six-application-limit,2025-07-17,2025-07-17,day,final,people,"NIH limited each principal investigator to six new, renewal, resubmission or revision applications per calendar year from the September 25, 2025 receipt date; the policy covers all activity codes except T codes and R13, so fellowship…",mentored-career-development-award,changes/ch-pa-six-application-limit,12
c-rd-2025-07-18-epa-reorg,2025-07-18,2025-07-18,day,announced,research,EPA announced a reduction in force affecting the Office of Research and Development and the establishment of an Office of Applied Science and Environmental Solutions.,agriculture-environment-and-physical-science-agencies,changes/c-rd-2025-07-18-epa-reorg,454;455;456
c-rd-2025-07-24-usda-reorg,2025-07-24,2025-07-24,day,announced,research,"Secretary's Memorandum 1078-015 set out a USDA reorganization with five hub locations, the end of ARS Area Offices and consolidation of Forest Service research stations in Fort Collins, Colorado.",,changes/c-rd-2025-07-24-usda-reorg,419
ch-sc-cpb-rescission,2025-07-24,2025-07-24,day,final,programme-service,The Rescissions Act of 2025 (Public Law 119-28) rescinded the amounts made available for the Corporation for Public Broadcasting for fiscal years 2026 and 2027.,arts-humanities-libraries-and-media,changes/ch-sc-cpb-rescission,1407
ch-cb-doj-530d-letter-hsi,2025-07-25,2025-07-25,day,announced,capacity,The Solicitor General notified the Speaker of the House under 28 U.S.C. 530D that the Justice Department would not defend 20 U.S.C. 1101(c) and the 25 percent definition in 20 U.S.C. 1101a(5)(B) in the Tennessee case.,designated-institution-programmes,changes/ch-cb-doj-530d-letter-hsi,1606
ch-sb-nsgp-fy2025-terms,2025-07-28,2025-07-28,day,final,programme-service,"FEMA published the FY2025 NSGP notice on July 28, 2025 with a state deadline of August 11, 2025 and $274.5 million.",housing-homelessness-and-veterans-services,changes/ch-sb-nsgp-fy2025-terms,1321;1322
ch-ga-2025-07-29-ag-guidance-unlawful-discrimination,2025-07-29,2025-07-29,day,final,rules for every award,"The Attorney General issued ""Guidance for Recipients of Federal Funding Regarding Unlawful Discrimination"" to all federal agencies, listing five kinds of practice the department treats as unlawful and a list of practices it describes as…",,changes/ch-ga-2025-07-29-ag-guidance-unlawful-discrimination,1864;1866
ch-sa-2025-07-29-samhsa-letter-on-executive-order,2025-07-29,2025-07-29,day,final,programme-service,"After the executive order of July 24, 2025 titled Ending Crime and Disorder on America's Streets, SAMHSA wrote to grantees and state agencies that federal funding cannot purchase pipes, syringes, needles or drug paraphernalia, and…",health-and-behavioural-health-services,changes/ch-sa-2025-07-29-samhsa-letter-on-executive-order,1136
ch-pd-neh-individuals-injunction-2025-08,2025-08-01,2025-08-01,day,final,people,"In Authors Guild v. NEH the district court stayed the terminations for all individual NEH grant recipients terminated on April 1 to 3, 2025 and barred NEH from re-obligating the funds; a docket summary dates the decision July 25, 2025…",humanities-arts-and-international-fellowships,changes/ch-pd-neh-individuals-injunction-2025-08,643;642
ch-sc-cpb-wind-down,2025-08-01,2025-08-01,day,final,programme-service,"The Corporation for Public Broadcasting announced an orderly wind-down, with most staff positions ending September 30, 2025 and a transition team through January 2026.",arts-humanities-libraries-and-media,changes/ch-sc-cpb-wind-down,1406;1409
c-2025-08-eo-14332,2025-08-07,2025-08-07,day,final,research,"Executive Order 14332 requires each agency to have senior appointees review funding opportunity announcements and discretionary awards, to write termination-for-convenience terms into grants, and to use plain language in announcements.",,changes/c-2025-08-eo-14332,246;149
c-rd-2025-08-07-eo-14332,2025-08-07,2025-08-07,day,pending-implementation,research,"Executive Order 14332, Improving Oversight of Federal Grantmaking, was signed (90 FR 38929, August 12, 2025).",,changes/c-rd-2025-08-07-eo-14332,246
ch-pc-eo-14332-grantmaking,2025-08-07,2025-08-07,day,final,people,"Executive Order 14332, signed August 7, 2025, requires senior appointees to review funding opportunity announcements and discretionary awards and directs that awards permit termination for convenience.",early-career-faculty-award,changes/ch-pc-eo-14332-grantmaking,246
ch-sa-2025-08-07-eo-14332-grant-oversight,2025-08-07,2025-08-07,day,final,programme-service,"Executive Order 14332 requires a senior appointee to review discretionary funding announcements and awards, lists things discretionary awards are not to fund, and directs agencies to write termination for convenience into grant terms.",,changes/ch-sa-2025-08-07-eo-14332-grant-oversight,246;548;1204
ch-sb-eo-14332-grant-oversight,2025-08-07,2025-08-07,day,final,programme-service,"Executive Order 14332 directs senior appointee review of funding announcements and discretionary awards, lists what such awards may not fund, and calls for termination-for-convenience terms.",housing-homelessness-and-veterans-services;workforce-and-education-programmes,changes/ch-sb-eo-14332-grant-oversight,246;1300;1309
eo-14332-grant-oversight-2025,2025-08-07,2025-08-07,day,final,research,Executive Order 14332 requires senior appointee review of funding announcements and discretionary awards and directs that award terms permit termination when an award no longer effectuates programme goals or agency priorities.,defense-basic-research;nasa-research-announcements,changes/eo-14332-grant-oversight-2025,315;314;382
ch-sb-ovw-out-of-scope-conditions-stayed,2025-08-08,2025-08-08,day,enjoined,programme-service,"The District of Rhode Island stayed several of OVW's ""out-of-scope activities"" conditions and the related certification for all FY2025 grants. For FY2026 OVW states that the certification is paused as to items 2-5, 7-9 and 11.",justice-victim-services-and-legal-aid,changes/ch-sb-ovw-out-of-scope-conditions-stayed,1271;1263;1270
ch-nih-nofos-grants-gov-only,2025-08-14,2025-08-14,day,final,research,"NOT-OD-25-143 announced that from fiscal year 2026 NIH no longer posts notices of funding opportunity in the NIH Guide; Grants.gov is the single official source, and the Guide continues for policy and informational notices.",nih-investigator-initiated-grant,changes/ch-nih-nofos-grants-gov-only,9;10;93
ch-pa-nofos-leave-nih-guide,2025-08-14,2025-08-14,day,final,people,"NIH announced that from fiscal year 2026 it posts funding notices only on Grants.gov and no longer in the NIH Guide. The 2026 parent notices for F99/K00, K12 and R25 were found on Grants.gov.",,changes/ch-pa-nofos-leave-nih-guide,9;740;752;755
ch-pe-nigms-par-24-040-early-expiration,2025-08-14,2025-08-14,day,final,people,"NIGMS ended PAR-24-040, an R25 notice for modules to enhance research workforce training, effective immediately, and pointed applicants to PAR-24-252.",,changes/ch-pe-nigms-par-24-040-early-expiration,1089
ch-fb-rwjf-rapid-response,2025-08,2025-08-15,month,final,foundations,"The Robert Wood Johnson Foundation issued a call for up to $5 million in grants of $50,000 to $200,000 for health equity research that had lost federal funding, with a deadline of October 1, 2025.",foundation-research-grant,changes/ch-fb-rwjf-rapid-response,2337
ch-fb-public-media-bridge,2025-08-19,2025-08-19,day,final,foundations,"Knight, MacArthur, Ford, Pivotal, the Schmidt Family Foundation and the Robert Wood Johnson Foundation committed $36.5 million for public radio and television stations after federal funding for the Corporation for Public Broadcasting…",arts-humanities-libraries-and-media,changes/ch-fb-public-media-bridge,2354
c-rf-neh-rif-and-reorg-2025,2025-08-20,2025-08-20,day,final,research,"NEH merged seven grantmaking offices and divisions into four divisions (Federal/State Partnership, Collections & Infrastructure, Lifelong Learning, Research), and stated that a reduction in force of two thirds of its workforce had taken…",humanities-arts-and-cultural-heritage-research,changes/c-rf-neh-rif-and-reorg-2025,641
ch-re-2025-08-21-scotus-grant-termination-jurisdiction,2025-08-21,2025-08-21,day,on-appeal,research,"The Supreme Court stayed district court judgments that had vacated NIH grant terminations, while leaving in place the vacatur of agency guidance.",,changes/ch-re-2025-08-21-scotus-grant-termination-jurisdiction,28
ch-gb-2025-08-28-hrsa-ehbs-verified-sign-in,2025-08-28,2025-08-28,day,final,rules for every award,"From August 28, 2025 applicants, grantees and other outside users of HRSA's Electronic Handbooks sign in with an identity-verified Login.gov or ID.me account and two-factor authentication.",,changes/ch-gb-2025-08-28-hrsa-ehbs-verified-sign-in,1926
ch-gb-2025-08-29-ed-common-instructions,2025-08-29,2025-08-29,day,final,rules for every award,"The Department of Education published new common instructions for applicants to its discretionary grant programmes (90 FR 42234), superseding the version of December 23, 2024 (89 FR 104528).",,changes/ch-gb-2025-08-29-ed-common-instructions,1928
ch-nih-highlighted-topics-2025,2025-08-29,2025-08-29,day,final,research,"NIH introduced Highlighted Topics, descriptions of research areas of interest that are not funding opportunities; applications go in through parent announcements or other broad notices.",nih-investigator-initiated-grant,changes/ch-nih-highlighted-topics-2025,142;11;90;94
ch-fb-wallace-president,2025-09-01,2025-09-01,day,final,foundations,"Jean S. Desravines became president of The Wallace Foundation, succeeding Will Miller; the announcement of April 24, 2025 states no change in grantmaking.",,changes/ch-fb-wallace-president,2350
department-of-war-secondary-title-2025,2025-09-05,2025-09-05,day,final,research,Executive Order 14347 authorises 'Department of War' as a secondary title for the Department of Defense and states that statutory references to the Department of Defense remain controlling.,defense-basic-research,changes/department-of-war-secondary-title-2025,348;330;325;343
ch-pa-reentry-notice-expired,2025-09-09,2025-09-09,day,final,people,"The notice offering research supplements for re-entry, re-integration and re-training (NOT-OD-23-170) expired on September 9, 2025; the page records a prior expiration date of October 09, 2026.",mentored-career-development-award,changes/ch-pa-reentry-notice-expired,793
ch-sc-ed-supplemental-priorities-2025,2025-09-09,2025-09-09,day,final,programme-service,"The Secretary's supplemental priorities on evidence-based literacy, education choice and returning education to the States were published, effective October 9, 2025, replacing the 2021 priorities.",workforce-and-education-programmes,changes/ch-sc-ed-supplemental-priorities-2025,1392
c-nsf-2025-09-aapt-v-nsf,2025-09-10,2025-09-10,day,final,research,"In American Association of Physics Teachers v. NSF (D.D.C., 1:25-cv-01923) the court denied a preliminary injunction against NSF's terminations on September 10, 2025.",,changes/c-nsf-2025-09-aapt-v-nsf,244;245
ch-cb-ed-ends-msi-discretionary-funding,2025-09-10,2025-09-10,day,final,capacity,"The Department of Education announced it would no longer award discretionary grants under seven programmes (ANNH, PBI, AANAPISI, NASNTI, MSEIP, Developing HSIs and PPOHA) and would reprogram about $350 million of FY 2025 discretionary…",designated-institution-programmes,changes/ch-cb-ed-ends-msi-discretionary-funding,1594
ch-sb-head-start-immigration-directive-enjoined,2025-09-11,2025-09-11,day,enjoined,programme-service,"In Washington State Association of Head Start v. Kennedy (W.D. Wash.) a first preliminary injunction barred HHS from applying the July 2025 notice to Head Start agencies, providers and families; plaintiffs' counsel dates it September…",children-family-and-ageing-services,changes/ch-sb-head-start-immigration-directive-enjoined,1334;1254;1253
ch-gb-2025-09-12-sam-registration-screens,2025-09-12,2025-09-12,day,final,rules for every award,"GSA rebuilt the SAM.gov registration screens in four releases on June 20, July 18, August 15 and September 12, 2025, and stated that the data collected did not change.",,changes/ch-gb-2025-09-12-sam-registration-screens,1905
ch-nih-international-structure-2025,2025-09-12,2025-09-12,day,final,research,NOT-OD-25-155 set out the replacement: a domestic organization submits a PF5 (or UF5) application and each foreign collaborator receives a linked RF2 (or UL2) award.,nih-investigator-initiated-grant;nih-targeted-and-large-awards,changes/ch-nih-international-structure-2025,86;141;23;87
ch-cb-ed-fy2025-reprogramming-to-hbcus-tccus,2025-09-15,2025-09-15,day,final,capacity,"The Department's FY 2027 justification records that $494,538 thousand was reprogrammed in FY 2025 from Aid for Institutional Development, Aid for Hispanic-serving Institutions, International Education and Teacher Quality Partnership to…",designated-institution-programmes,changes/ch-cb-ed-fy2025-reprogramming-to-hbcus-tccus,1405;1602;1773
ch-cb-ed-withdraws-fy2025-notices,2025-09-18,2025-09-18,day,final,capacity,"The Department withdrew the FY 2025 notices inviting applications for the Developing HSIs, ANNH Part A, AANAPISI Part A and NASNTI Part A programmes and cancelled the competitions, effective September 18, 2025.",designated-institution-programmes,changes/ch-cb-ed-withdraws-fy2025-notices,1643
c-rf-nea-gender-ideology-2025,2025-09-19,2025-09-19,day,on-appeal,research,"The NEA required on February 6, 2025 that applicants confirm federal funds would not be used to promote gender ideology, rescinded that step in March 2025, and on April 30, 2025 issued a Final Notice under which the Chair would weigh…",humanities-arts-and-cultural-heritage-research,changes/c-rf-nea-gender-ideology-2025,657;658;659
ch-sc-nea-certification-ruling,2025-09-19,2025-09-19,day,on-appeal,programme-service,"On February 6, 2025 the NEA required applicants to confirm that federal funds would not be used to promote gender ideology and withdrew the requirement after suit was filed on March 6, 2025; on September 19, 2025 the District of Rhode…",arts-humanities-libraries-and-media,changes/ch-sc-nea-certification-ruling,657;658
ch-sb-dhs-immigration-conditions-vacated,2025-09-24,2025-09-24,day,vacated,programme-service,"In Illinois v. FEMA the District of Rhode Island granted summary judgment, vacated the immigration-enforcement conditions in DHS's grant terms and permanently enjoined their enforcement against the plaintiff states.",housing-homelessness-and-veterans-services,changes/ch-sb-dhs-immigration-conditions-vacated,1336
ch-fc-nspm-7,2025-09-25,2025-09-25,day,final,foundations,"National Security Presidential Memorandum 7, dated September 25, 2025, directs the Commissioner of Internal Revenue to ""ensure that no tax-exempt entities are directly or indirectly financing political violence or domestic terrorism""…",,changes/ch-fc-nspm-7,2396
ch-ca-nsf-art-new-solicitation,2025-09-26,2025-09-26,day,final,capacity,"NSF posted a new ART solicitation, NSF 25-548, with five tracks, an estimated programme budget of $178,000,000 and deadlines of January 15 and March 12, 2026.",research-centres-and-institutional-research-capacity,changes/ch-ca-nsf-art-new-solicitation,236;1528
ch-pb-grfp-fy2026-eligibility,2025-09-26,2025-09-26,day,final,people,"NSF posted the FY 2026 GRFP solicitation, NSF 25-547, on September 26, 2025, with deadlines of November 10 to 14, 2025; its revision notes say eligibility criteria were revised.",predoctoral-fellowship,changes/ch-pb-grfp-fy2026-eligibility,859;885
ch-gc-nih-research-security-program-notice-rescinded,2025-09-29,2025-09-29,day,pending-implementation,rules for every award,"NIH's notice of September 11, 2025, which would have required research security programme certification from covered institutions and training certification for applications from January 25, 2026, was rescinded on September 29, 2025.",,changes/ch-gc-nih-research-security-program-notice-rescinded,2016;127;33
ch-gc-ori-guidance-2025,2025-09-29,2025-09-29,day,final,rules for every award,"ORI posted guidance for the revised 42 CFR part 93 on conflicts of interest, institutional committees and research integrity officers, after guidance of August 14, 2025 on generative artificial intelligence in misconduct proceedings.",,changes/ch-gc-ori-guidance-2025,2011
ch-nih-research-security-policies-rescinded,2025-09-29,2025-09-29,day,final,research,"NOT-OD-25-161 rescinded NOT-OD-25-154 of September 11, 2025, which had announced NIH research security policies, and said updated guidance would follow.",,changes/ch-nih-research-security-policies-rescinded,127;80
c-nsf-2025-09-idc-appeal-dismissed,2025-09-30,2025-09-30,day,final,research,"A case summary records that NSF appealed the judgment on August 14, 2025 and that the First Circuit dismissed the appeal on NSF's own motion on September 30, 2025.",,changes/c-nsf-2025-09-idc-appeal-dismissed,239;154
ch-re-2025-ahrq-grant-making-halt-and-suit,2025-09-30,2025-09-30,day,final,research,"Plaintiffs in Society of General Internal Medicine v. Kennedy state that AHRQ issued no new-project awards from April 1 to mid-August 2025 and approved 67 continuation awards by September 30, 2025, spending about $94 million of a $369…",health-services-and-public-health-research,changes/ch-re-2025-ahrq-grant-making-halt-and-suit,524;525;526
ch-cc-doe-award-terminations,2025-10-01,2025-10-01,day,in-litigation,capacity,"The Department of Energy announced on October 1, 2025 the termination of 321 financial awards supporting 223 projects, worth $7.56 billion, from six offices; the Office of State and Community Energy Programs is not among those named.",preservation-facilities-and-capital-grants,changes/ch-cc-doe-award-terminations,308;1749
ch-ga-2025-10-01-hhs-adopts-2-cfr-200,2025-10-01,2025-10-01,day,final,rules for every award,"On October 1, 2025 HHS began applying 2 CFR part 200, with its own additions at 2 CFR part 300, in place of 45 CFR part 75; NIH's award terms cite 2 CFR 200 from that date.",,changes/ch-ga-2025-10-01-hhs-adopts-2-cfr-200,528;1884;65
ch-re-2025-10-01-hhs-gps-v2,2025-10-01,2025-10-01,day,final,research,"Version 2.0 of the HHS Grants Policy Statement took effect, replacing the April 2025 statement. On the same date HHS adopted 2 CFR 200 with HHS modifications at 2 CFR 300 in place of 45 CFR 75.",,changes/ch-re-2025-10-01-hhs-gps-v2,527;528;529
ch-sa-2025-10-01-hhs-gps-v2,2025-10-01,2025-10-01,day,final,programme-service,"Version 2.0 of the HHS Grants Policy Statement took effect for awards and funded modifications made on or after October 1, 2025 at HHS agencies other than NIH; a technical edit followed on December 18, 2025.",,changes/ch-sa-2025-10-01-hhs-gps-v2,527
doe-award-terminations-2025,2025-10-01,2025-10-01,day,final,research,"DOE announced the termination of 321 financial awards supporting 223 projects, naming six offices that include ARPA-E; the Office of Science is not named. Recipients had 30 days to appeal.",,changes/doe-award-terminations-2025,308;309
ch-sb-voca-immigration-conditions-dropped,2025-10-03,2025-10-03,day,rescinded,programme-service,A plaintiff state's release says DOJ dropped a plan to attach immigration-enforcement conditions to VOCA victim assistance and compensation grants after 20 states and the District of Columbia sued.,justice-victim-services-and-legal-aid;formula-money-through-the-state,changes/ch-sb-voca-immigration-conditions-dropped,1338;1482
ch-fa-sloan-guidelines-2025,2025-10-27,2025-10-27,day,final,foundations,"The Sloan Foundation's proposal guidelines for research projects carry a last-modified date of 10/27/2025 and set overhead at none for requests of $50,000 or less and at most 20 percent of direct project costs above that.",,changes/ch-fa-sloan-guidelines-2025,2234
ch-gc-nsf-ffdr-2025,2025-10-31,2025-10-31,day,final,rules for every award,"NSF's Foreign Financial Disclosure Report for July 1, 2024 through June 30, 2025 was due October 31, 2025, the Research.gov portal having opened September 1, 2025.",,changes/ch-gc-nsf-ffdr-2025,2014
ch-fb-ford-president,2025-11-03,2025-11-03,day,final,foundations,"Heather Gerken took office as the Ford Foundation's 11th president, succeeding Darren Walker; her first statement names democracy and the rule of law as priorities and announces no change in budget, payout or application rules.",,changes/ch-fb-ford-president,2334
ch-fa-czi-biohub-primary,2025-11-06,2025-11-06,day,announced,foundations,"On November 6, 2025 the founders stated that ""Biohub will be our primary philanthropic effort and where we'll dedicate the vast majority of our resources"", and that the Chan Zuckerberg Initiative ""will serve as infrastructure and…",,changes/ch-fa-czi-biohub-primary,2233;2172
ch-pa-ahrq-k01-expired,2025-11-10,2025-11-10,day,final,people,"AHRQ's K01 notice PA-22-255 reached its expiration date of November 10, 2025 and is marked expired; no reissue was found.",mentored-career-development-award,changes/ch-pa-ahrq-k01-expired,782;812
c-rd-2025-11-14-afri-deadline-extension,2025-11-14,2025-11-14,day,final,research,"NIFA modified the FY 2026 AFRI Foundational and Applied Science request for applications to extend the application deadline for various programme area priorities, to December 4, 11 and 18, 2025.",agriculture-environment-and-physical-science-agencies,changes/c-rd-2025-11-14-afri-deadline-extension,404;424
c-rf-ed-interagency-agreements,2025-11-18,2025-11-18,day,pending-implementation,research,"The Department of Education announced interagency agreements placing elementary and secondary programmes and most postsecondary grant programmes with the Department of Labor, Indian Education with Interior, two programmes with HHS, and…",,changes/c-rf-ed-interagency-agreements,672;720;721;670
ch-cb-ed-interagency-agreements,2025-11-18,2025-11-18,day,final,capacity,The Department of Education announced agreements under which the Department of Labor takes a greater role in administering most Higher Education Act grant programmes and the Department of the Interior in administering Indian Education…,research-instrumentation-and-facilities;designated-institution-programmes,changes/ch-cb-ed-interagency-agreements,672;1600;1616
ch-nih-termination-terms-2025,2025-11-18,2025-11-18,day,final,research,"NOT-OD-26-009 updated award terms effective October 1, 2025: an award may be terminated, to the extent authorized by law, if the agency determines it no longer effectuates programme goals or agency priorities, citing 2 CFR…",,changes/ch-nih-termination-terms-2025,65;139
ch-pd-ed-interagency-agreements-2025-11,2025-11-18,2025-11-18,day,announced,people,"The Department of Education announced six interagency agreements: the Department of State administers the Fulbright-Hays grant programmes, and the Department of Labor administers most postsecondary grant programmes under the Higher…",institutional-training-grant;student-pipeline-and-access-programmes;humanities-arts-and-international-fellowships,changes/ch-pd-ed-interagency-agreements-2025-11,672
ch-sc-ed-interagency-agreements-2025-11,2025-11-18,2025-11-18,day,pending-implementation,programme-service,"The Department of Education announced six interagency agreements, placing its elementary and secondary and its postsecondary programmes with the Department of Labor, Indian Education with Interior, CCAMPIS with HHS, and international…",workforce-and-education-programmes;formula-money-through-the-state,changes/ch-sc-ed-interagency-agreements-2025-11,672
ch-pa-lrp-due-date-2025,2025-11-19,2025-11-19,day,final,people,"NIH moved the closing date of the loan repayment cycle that opened September 1, 2025 from November 20 to December 4, 2025.",health-workforce-training-and-loan-repayment,changes/ch-pa-lrp-due-date-2025,766
c-rf-imls-ri-v-trump,2025-11-21,2025-11-21,day,final,research,"In Rhode Island v. Trump the District of Rhode Island held the implementation of Executive Order 14238 at IMLS and three other agencies unlawful, vacated the actions and permanently enjoined further implementation.",,changes/c-rf-imls-ri-v-trump,687;691
ch-nih-unified-funding-strategy,2025-11-21,2025-11-21,day,final,research,"NIH adopted a unified funding strategy effective with the January 2026 council round: institutes do not rely on paylines, follow six tenets, and publish the factors they weigh; about half of institutes had used paylines before.",,changes/ch-nih-unified-funding-strategy,13;123;15;69;68;70
ch-re-2025-11-21-niosh-parent-announcements-expired,2025-11-21,2025-11-21,day,final,research,"The NIOSH standing R01 and R21 announcements (PAR-18-812 and PAR-18-798) expired on November 21, 2025. No reissue was found, and the R01 record on Grants.gov is archived.",health-services-and-public-health-research,changes/ch-re-2025-11-21-niosh-parent-announcements-expired,556;558;557
ch-nih-lapse-and-review-modifications,2025-11-24,2025-11-24,day,final,research,"After the lapse in appropriations that began October 1, 2025, NIH cancelled 370 review meetings affecting more than 24,000 applications and changed review practice: 30-35% of applications discussed, a 'competitive but not discussed'…",,changes/ch-nih-lapse-and-review-modifications,126;16;84;85;96
ch-cb-olc-opinion-ed-programmes,2025-12-02,2025-12-02,day,final,capacity,"The Office of Legal Counsel concluded that the eligibility provisions of the Developing HSIs, PPOHA, HSI STEM, ANNH, NASNTI, AANAPISI and PBI formula programmes are unconstitutional and inseverable, and that the competitive PBI grants…",designated-institution-programmes,changes/ch-cb-olc-opinion-ed-programmes,1592
ch-gc-nsf-in-149-effective-dates,2025-12-02,2025-12-02,day,final,rules for every award,"NSF's Important Notice No. 149, on a page marked updated November 24, 2025, gives December 2, 2025 as the effective date of the research security training certification, the research security assessment and the Confucius Institute…",,changes/ch-gc-nsf-in-149-effective-dates,2014;2015
ch-nih-common-forms-sciencv,2025-12-02,2025-12-02,day,final,research,"NOT-OD-26-018 required the Common Forms for the biographical sketch and current and pending (other) support, prepared in SciENcv with an ORCID iD, for due dates on or after January 25, 2026.",,changes/ch-nih-common-forms-sciencv,31;129;32
ch-nih-research-security-training-2026,2025-12-02,2025-12-02,day,final,research,"NOT-OD-26-017 requires senior/key personnel to certify research security training completed within 12 months before submission, for applications due on or after May 25, 2026, implementing section 10634 of the CHIPS and Science Act.",,changes/ch-nih-research-security-training-2026,33
ch-gb-2025-12-03-doe-common-forms,2025-12-03,2025-12-03,day,final,rules for every award,"DOE issued FAL 2026-02, effective on issuance and superseding FAL 2022-04, requiring the Common Forms in SciENcv across its financial assistance; DOE's public page applies it to funding opportunities published on or after January 1, 2026.",,changes/ch-gb-2025-12-03-doe-common-forms,1944;1945
ch-nih-loi-and-500k-removed,2025-12-03,2025-12-03,day,final,research,"NOT-OD-26-019 ended letters of intent and removed the requirement to obtain an institute's agreement before submitting an unsolicited application requesting $500,000 or more in direct costs in any year, effective immediately.",nih-investigator-initiated-grant;nih-targeted-and-large-awards,changes/ch-nih-loi-and-500k-removed,37;36
c-nsf-2025-12-merit-review-two-reviewers,2025-12-08,2025-12-08,day,final,research,"The PAPPG as printed in 2024 says proposals are reviewed usually by three to ten persons outside NSF. Supplement 1 states that full proposals, unless excepted, must be reviewed by at least two reviewers and that review can be conducted…",nsf-core-research-proposal,changes/c-nsf-2025-12-merit-review-two-reviewers,157;149;176
c-nsf-2025-12-pappg-supplement-1,2025-12-08,2025-12-08,day,final,research,"PAPPG Supplement 1 (NSF 26-200) raised the ceilings for planning proposals to $200,000 per year, RAPID to $300,000 and EAGER to $400,000, set a minimum of two reviewers who may be NSF staff, added a return-without-review ground, and…",nsf-core-research-proposal;nsf-special-and-cross-cutting-solicitations,changes/c-nsf-2025-12-pappg-supplement-1,149
ch-ca-nih-idea-list-unchanged,2025-12-10,2025-12-10,day,final,capacity,"The list of IDeA-eligible states on the NIGMS page (last updated December 10, 2025) and in the notices posted in June and August 2026 is the same 23 states and Puerto Rico.",,changes/ch-ca-nih-idea-list-unchanged,1543;1545;1546
ch-gc-doj-title-vi-regulation-amended,2025-12-10,2025-12-10,day,final,rules for every award,"A Department of Justice final rule, published and effective December 10, 2025 (90 FR 57148), removed the disparate-impact provisions from its Title VI regulation, including 28 CFR 42.104(b)(2), which is now reserved.",,changes/ch-gc-doj-title-vi-regulation-amended,2086;2041
ch-cd-fema-bric-court-orders,2025-12-11,2025-12-11,day,final,capacity,"In State of Washington v. FEMA, No. 25-12006-RGS (D. Mass.), the court on August 5, 2025 preliminarily enjoined the Government from spending funds allocated to BRIC for non-BRIC purposes, and on December 11, 2025 allowed the States'…",preservation-facilities-and-capital-grants,changes/ch-cd-fema-bric-court-orders,1777;1778
ch-cc-neh-endowments-programme,2025-12-12,2025-12-12,day,final,capacity,"NEH posted the first notice for Endowments for Advancing the Humanities on December 12, 2025, under the challenge grants Assistance Listing 45.130, with a February 10, 2026 deadline. NEH anticipates the next deadline on January 13, 2027.",research-centres-and-institutional-research-capacity;preservation-facilities-and-capital-grants,changes/ch-cc-neh-endowments-programme,1730;1729
ch-pb-late-2025-archives,2025-12-12,2025-12-12,day,final,people,"Pages last updated between November 25 and December 12, 2025 show these opportunities as archived: the Cultural Anthropology, Archaeology and Biological Anthropology dissertation grants (November 25), BCSER (December 3) and LEAPS-MPS…",early-career-faculty-award,changes/ch-pb-late-2025-archives,871;872;875;868;844;168
ch-sc-ed-fscs-discontinuations-2025-12,2025-12-12,2025-12-12,day,in-litigation,programme-service,"Trade press reports that the Department discontinued 19 Full-Service Community Schools grants, at least $168 million, on December 12, 2025, and that some funds were restored by agreement in March 2026.",workforce-and-education-programmes,changes/ch-sc-ed-fscs-discontinuations-2025-12,1450;1488;1495
c-nsf-2025-12-realignment,2025-12-15,2025-12-15,day,final,research,NSF announced an organisational realignment to reduce the number of layers; the chart dated 12/14/2025 shows eight directorates with no divisions beneath them.,,changes/c-nsf-2025-12-realignment,168;169;177;179;180;181
c-rd-2025-12-usda-terms,2025-12,2025-12-15,month,final,research,NIFA lists a December 2025 version of the USDA General Award Terms and Conditions and a March 2026 version of NIFA's General Terms and Conditions as current; what changed in them was not read.,,changes/c-rd-2025-12-usda-terms,425
ch-ca-doe-ne-infrastructure-fy2026,2025-12-15,2025-12-15,day,final,capacity,"DOE Office of Nuclear Energy issued DE-FOA-0003541 for university reactor upgrades and general scientific infrastructure, about $5,000,000 in all, due April 9, 2026.",research-instrumentation-and-facilities,changes/ch-ca-doe-ne-infrastructure-fy2026,1588
ch-pb-realignment-2025-12,2025-12-15,2025-12-15,day,final,people,NSF announced an organisational realignment that reduces the number of layers in the organisation. The announcement names no programme; solicitations written before it still name divisions as owners.,,changes/ch-pb-realignment-2025-12,168;828;858
ch-cb-ed-statement-on-olc-opinion,2025-12-19,2025-12-19,day,announced,capacity,"The Department of Education released the Secretary's statement on the opinion and said it had disbursed about $132 million of mandatory funds, did not intend to claw back funds obligated in prior fiscal years, and was assessing the…",designated-institution-programmes,changes/ch-cb-ed-statement-on-olc-opinion,1593
ch-pe-nasa-strg-2026-notices,2025-12-19,2025-12-19,day,final,people,"NASA posted the NSTGRO appendix for autumn 2026 on December 19, 2025, about four months later in the year than the two before it, and it closed January 29, 2026.",early-career-faculty-award,changes/ch-pe-nasa-strg-2026-notices,1082;1081;1080
ch-sc-ed-mental-health-grants-ruling,2025-12-19,2025-12-19,day,on-appeal,programme-service,"The Western District of Washington granted summary judgment to sixteen States against the Department's discontinuation of multi-year mental health programme grants; on February 24, 2026 the Ninth Circuit denied a stay of the permanent…",,changes/ch-sc-ed-mental-health-grants-ruling,1391
ch-sb-coc-fy2025-notice,2025-12-20,2025-12-20,day,vacated,programme-service,"HUD posted a separate FY2025 Continuum of Care notice on December 20, 2025; its listing states that HUD understands the notice to be enjoined and will not implement or enforce it pending further court order.",housing-homelessness-and-veterans-services,changes/ch-sb-coc-fy2025-notice,1350;1288;1283;1284;1476;1477
c-rd-2025-12-22-dot-utc-recompetition,2025-12-22,2025-12-22,day,final,research,"DOT opened a re-opened competition for five vacant University Transportation Center slots (one Regional, four Tier 1), with applications due in February 2026.",agriculture-environment-and-physical-science-agencies,changes/c-rd-2025-12-22-dot-utc-recompetition,492;493
ch-gb-2025-12-23-simpler-search-default,2025-12-23,2025-12-23,day,final,rules for every award,Simpler.Grants.gov became the default for searching for funding opportunities.,,changes/ch-gb-2025-12-23-simpler-search-default,1920;1919
ch-pa-burt-posted,2025-12-29,2025-12-29,day,final,people,"NIGMS posted the Institutional Biomedical Undergraduate Research Training (BURT) Program (T34), PAR-26-033, a new notice with first due date February 25, 2026.",institutional-training-grant;student-pipeline-and-access-programmes,changes/ch-pa-burt-posted,796;797
c-rd-2025-12-30-usda-rd-priorities,2025-12-30,2025-12-30,day,final,research,"Secretary's Memorandum 1078-020 named five USDA research and development priorities, effective immediately.",agriculture-environment-and-physical-science-agencies,changes/c-rd-2025-12-30-usda-rd-priorities,418;412;414
ch-nih-dab-termination-appeals-2025,2025-12-30,2025-12-30,day,final,research,"The HHS Departmental Appeals Board ruled that it has no jurisdiction under 45 CFR Part 16 and 42 CFR Part 50, Subpart D to hear an appeal of an NIH termination based on non-alignment with agency priorities, and rejected the appeal.",,changes/ch-nih-dab-termination-appeals-2025,132
ch-gb-2025-12-31-usda-common-forms,2025-12-31,2025-12-31,day,final,rules for every award,"USDA's General Terms and Conditions for Federal Awards, effective December 31, 2025, require the Common Forms for Biographical Sketch and Current and Pending (Other) Support, completed in SciENcv, at application and annually (section 10.8).",,changes/ch-gb-2025-12-31-usda-common-forms,1948;1949
ch-gd-2025-12-31-usda-research-security-training-term,2025-12-31,2025-12-31,day,final,rules for every award,"USDA's General Terms and Conditions effective December 31, 2025 require the recipient to certify, and recertify annually, that each individual it employs to work on the award has completed research security training (section 10.6).",,changes/ch-gd-2025-12-31-usda-research-security-training-term,1948;2110
ch-fc-corporate-one-percent-floor,2026-01-01,2026-01-01,day,enacted,foundations,"A corporation's charitable contributions are deductible only above 1 percent of taxable income, and up to 10 percent. Practitioner sources give the effective date as taxable years beginning after December 31, 2025.",,changes/ch-fc-corporate-one-percent-floor,2392;2391;2394;2395;2497
ch-fc-endowment-tax-tiers,2026-01-01,2026-01-01,day,enacted,foundations,"For taxable years beginning after December 31, 2025 the section 4968 endowment excise tax has three rates, 1.4 percent, 4 percent and 8 percent, by student adjusted endowment, and applies to institutions with at least 3,000…",,changes/ch-fc-endowment-tax-tiers,2390;2391
ch-fc-individual-deduction-changes,2026-01-01,2026-01-01,day,enacted,foundations,"From tax year 2026 individuals who do not itemise may deduct up to $1,000 of cash contributions ($2,000 for married taxpayers filing jointly), with gifts to donor-advised funds and supporting organisations shut out.",,changes/ch-fc-individual-deduction-changes,2389;2392;2391;2393
ch-gc-misconduct-rule-applicable,2026-01-01,2026-01-01,day,final,rules for every award,"From January 1, 2026 institutions follow the revised 42 CFR part 93 for allegations received on or after that date, and implement the required policies and procedures by the due date of the annual report covering the 2025 reporting year.",,changes/ch-gc-misconduct-rule-applicable,2006;2009;2008
ch-gc-section-117-portal,2026-01-02,2026-01-02,day,final,rules for every award,"A new Section 117 Foreign Gifts and Contracts Reporting Portal at ForeignFundingHigherEd.gov went live January 2, 2026; the earlier portal closed December 16, 2025.",,changes/ch-gc-section-117-portal,2026
ch-sb-head-start-deia-certification-enjoined,2026-01-06,2026-01-06,day,enjoined,programme-service,"A second preliminary injunction in the same case bars HHS from requiring a DEIA certification of Head Start agencies, from changing grant terms on that basis, from conditioning or ending grants for reasons outside the Head Start Act,…",children-family-and-ageing-services,changes/ch-sb-head-start-deia-certification-enjoined,1253
ch-gc-dow-fundamental-research-security,2026-01-08,2026-01-08,day,announced,rules for every award,"The Under Secretary of War for Research and Engineering announced a memorandum, ""Fundamental Research Security Initiatives and Implementation"", that bars fundamental research assistance funding to companies listed under section 1260H of…",,changes/ch-gc-dow-fundamental-research-security,2084
c-rf-imls-fy26-fy27-cycles,2026-01-13,2026-01-13,day,final,research,"IMLS opened its FY 2026 discretionary cycle on January 13, 2026 with a March 13, 2026 deadline, announced the first FY 2026 library awards on September 2, 2026, and posted FY 2027 notices with a November 13, 2026 deadline.",humanities-arts-and-cultural-heritage-research,changes/c-rf-imls-fy26-fy27-cycles,679;682;676
ch-sa-2026-01-13-samhsa-terminations-reversed,2026-01-13,2026-01-13,day,rescinded,programme-service,"An association report states that SAMHSA sent termination notices to more than 2,000 grants worth over $2 billion on January 13, 2026 and that reinstatement was announced on the evening of January 14, 2026.",,changes/ch-sa-2026-01-13-samhsa-terminations-reversed,1134;547;546
ch-fa-rcsa-bridge-awards,2026-01-14,2026-01-14,day,final,foundations,"RCSA announced 11 Bridge Awards totalling $800,000, of up to $100,000 each, to past Cottrell Scholars and Holland Award recipients whose research programmes were disrupted by changes to their federal funding.",,changes/ch-fa-rcsa-bridge-awards,2243;2244
ch-fb-gates-2026-budget,2026-01-14,2026-01-14,day,announced,foundations,"The Gates Foundation set a $9 billion payout for 2026, capped operating expenses at no more than $1.25 billion (approximately 14 percent) and said it will reduce its headcount target of 2,375 positions by up to 500 by 2030.",,changes/ch-fb-gates-2026-budget,2329
ch-re-2026-01-samhsa-terminations-reversed,2026-01-14,2026-01-14,day,final,research,"Members of Congress state that SAMHSA sent termination notices for more than 2,000 active grants in mid-January 2026 and rescinded them within 24 hours, with $2 billion in grants reinstated.",,changes/ch-re-2026-01-samhsa-terminations-reversed,547;546
nasa-termination-payment-terms-2026,2026-01-14,2026-01-14,day,final,research,"GIC 26-01 revised NASA's award terms: an award may be terminated when it no longer effectuates programme goals or agency priorities, and recipients need NASA's authorisation and a written justification for each payment request.",nasa-research-announcements,changes/nasa-termination-payment-terms-2026,382;381
c-rf-fy2026-appropriations-interior,2026-01-15,2026-01-15,day,final,research,"The FY 2026 Interior and Environment appropriations bill (H.R. 6938) passed the Senate on January 15, 2026 with $207 million each for NEA and NEH, according to an association statement and arts press.",,changes/c-rf-fy2026-appropriations-interior,718;719;655
ch-cd-fy2026-enacted-totals-found,2026-01-15,2026-01-15,day,enacted,capacity,"The Senate committee's release of January 15, 2026 gives $8.75 billion for NSF and $1.85 billion for NIST in the fiscal year 2026 Commerce-Justice-Science bill as approved by Congress; it gives no figure for EPSCoR. The Department of…",designated-institution-programmes,changes/ch-cd-fy2026-enacted-totals-found,173;1405
ch-fc-candid-search-launch,2026-01-15,2026-01-15,day,final,foundations,"Candid launched Candid search, which brings Foundation Directory and GuideStar data into one product, and said it ""is free for anyone who registers at candid.org""; full profiles and grants data are on paid plans from $219 a month.",,changes/ch-fc-candid-search-launch,2402;2399;2400
ch-sb-lsc-fy2026-appropriation,2026-01-15,2026-01-15,day,enacted,programme-service,"Congress passed $540 million for LSC for FY2026, against $560 million in FY2025. The White House had proposed in May 2025 to eliminate LSC, and the House Appropriations Committee had approved $300 million.",justice-victim-services-and-legal-aid,changes/ch-sb-lsc-fy2026-appropriation,1329;1330
ch-gc-irs-group-exemption-procedure,2026-01-20,2026-01-20,day,final,rules for every award,"Revenue Procedure 2026-8, in Internal Revenue Bulletin 2026-04, replaced Revenue Procedure 80-27 as the procedure for group exemption letters, and the IRS resumed accepting group exemption applications.",,changes/ch-gc-irs-group-exemption-procedure,2061;2060
ch-gc-olaw-prompt-reporting-guidance,2026-01-20,2026-01-20,day,final,rules for every award,"NOT-OD-25-148 replaced OLAW's 2005 guidance on prompt reporting under the PHS Policy, rescinding NOT-OD-05-034. The PHS Policy itself is unchanged in its 2015 edition.",,changes/ch-gc-olaw-prompt-reporting-guidance,2082;1999
ch-pc-nifa-ewd-fy26-updates,2026-01-20,2026-01-20,day,final,people,"The FY 2026 AFRI Education and Workforce Development notice requires a Mentoring Plan for all applications except workshop grants, and accepts workshop grant applications year-round after a letter of intent.",student-pipeline-and-access-programmes,changes/ch-pc-nifa-ewd-fy26-updates,960
ch-ga-2026-01-21-ca4-sustainability-institute,2026-01-21,2026-01-21,day,final,rules for every award,"In The Sustainability Institute v. Trump the Fourth Circuit vacated injunctions that had ordered 32 frozen or terminated environmental and agricultural grants restored, holding that the district court lacked jurisdiction to order relief…",,changes/ch-ga-2026-01-21-ca4-sustainability-institute,1879
c-nsf-2026-01-pappg-supplement-2,2026-01-22,2026-01-22,day,final,research,"PAPPG Supplement 2 (NSF 26-202) requires accepted manuscripts in the NSF Public Access Repository at or before publication, removes the 12-month embargo, and requires data supporting publications to be shared at publication.",nsf-core-research-proposal,changes/c-nsf-2026-01-pappg-supplement-2,150
ch-pb-geo-postdoc-archived,2026-01-22,2026-01-22,day,final,people,"The Earth Sciences postdoctoral fellowship page, last updated January 22, 2026, shows NSF 25-500 as archived; the Ocean Sciences fellowship page is labelled archived; and the Office of Polar Programs announced that its fellowship was…",postdoctoral-fellowship,changes/ch-pb-geo-postdoc-archived,849;848;862;850;879
ch-pc-nasa-roses-2026-timing,2026-01-22,2026-01-22,day,announced,people,"NASA said on January 22, 2026 that it planned to release ROSES-2026 in July 2026, as it had released ROSES-2025 in July 2025 rather than February.",early-career-faculty-award,changes/ch-pc-nasa-roses-2026-timing,956;371;373
c-nsf-2026-01-fy2026-appropriation,2026-01-23,2026-01-23,day,final,research,"Congress passed the FY 2026 Commerce-Justice-Science bill with $8.75 billion for NSF on January 15, 2026.",,changes/c-nsf-2026-01-fy2026-appropriation,173;174;255
c-rd-2026-01-23-noaa-fy26-appropriation,2026-01-23,2026-01-23,day,final,research,"FY 2026 appropriations for NOAA were enacted in H.R. 6938, signed January 23, 2026. NOAA's FY 2027 justification gives FY 2026 enacted discretionary appropriations of $5,634,615 thousand.",,changes/c-rd-2026-01-23-noaa-fy26-appropriation,443;445;444
ch-pb-fy2026-appropriation,2026-01-23,2026-01-23,day,enacted,people,"Congress approved $8.75 billion for NSF for FY 2026. For the STEM Education account the request was $288.4 million and the Senate committee reported $1,000.0 million; for GRFP the request was $127.3 million and the Senate report…",student-pipeline-and-access-programmes,changes/ch-pb-fy2026-appropriation,173;884;174
ch-re-2026-01-23-fy2026-cjs-enacted,2026-01-23,2026-01-23,day,final,research,"Public Law 119-74, which funds the Department of Justice for FY2026, was approved on January 23, 2026.",,changes/ch-re-2026-01-23-fy2026-cjs-enacted,540;620;173
fy2026-appropriations-indirect-nasa,2026-01-23,2026-01-23,day,final,research,"A consultant's note says Section 542 of Division A of the FY 2026 appropriations act (H.R. 6938) prohibits NASA, the Department of Commerce and NSF from limiting indirect cost rates. The statutory text was not reached in this sweep.",nasa-research-announcements,changes/fy2026-appropriations-indirect-nasa,361
nasa-roses-2026-release-status,2026-01-23,2026-01-23,day,announced,research,"NASA announced on January 23, 2026 that ROSES-2026 would be released in July 2026. On the sweep date a Grants.gov search for NNH26ZDA001N returned nothing and ROSES-2025 received a new programme element on October 2, 2026.",nasa-research-announcements,changes/nasa-roses-2026-release-status,294;395;374;373;371
doe-indirect-flashes-withdrawn-2026,2026-01-27,2026-01-27,day,final,research,"DOE Policy Flash 2026-30 states that PF 2025-22, 2025-25, 2025-26, 2025-27 and PF 2025-38/FAL 2025-05 are no longer in effect as of January 23, 2026, citing Section 313 of H.R. 6938, which requires DOE to apply negotiated indirect cost…",energy-department-research,changes/doe-indirect-flashes-withdrawn-2026,289;291;290
ch-ca-nih-aids-due-dates-removed,2026-01-28,2026-01-28,day,final,capacity,"NIH will no longer accept applications on separate AIDS due dates, starting with applications for January 2027 advisory council review; the notice is attached to the SuRE notices.",research-centres-and-institutional-research-capacity,changes/ch-ca-nih-aids-due-dates-removed,17;1555
ch-ga-2026-01-28-gsa-sam-certifications-proposed,2026-01-28,2026-01-28,day,proposed,rules for every award,"GSA published a 60-day notice (91 FR 3726) proposing to revise the financial assistance representations and certifications made in SAM.gov, citing the Attorney General's July 29, 2025 guidance and Executive Order 14173; comments were…",,changes/ch-ga-2026-01-28-gsa-sam-certifications-proposed,1866
ch-gb-2026-01-28-sam-financial-assistance-certifications,2026-01-28,2026-01-28,day,proposed,rules for every award,"GSA published a notice (91 FR 3726) proposing to update the Financial Assistance General Representations and Certifications in SAM.gov to align with the Department of Justice guidance of July 29, 2025 and Executive Order 14173, with…",,changes/ch-gb-2026-01-28-sam-financial-assistance-certifications,1866;1970
ch-gc-gsa-sam-certifications-proposed,2026-01-28,2026-01-28,day,proposed,rules for every award,"GSA proposed to revise the Financial Assistance General Representations and Certifications made in SAM.gov, citing Executive Order 14173 and a Department of Justice memorandum of July 29, 2025; comments were due March 30, 2026 (91 FR 3726).",,changes/ch-gc-gsa-sam-certifications-proposed,1866;1970;2083
ch-nih-aids-due-dates-removed,2026-01-28,2026-01-28,day,final,research,"NOT-OD-26-029 ended separate AIDS application due dates, in place since 1988, beginning with applications for the January 2027 advisory council round; HIV/AIDS applications use the standard dates.",nih-investigator-initiated-grant;nih-r15-for-institutions-with-little-nih-funding,changes/ch-nih-aids-due-dates-removed,17;2
ch-nih-salary-cap-fy2026,2026-01-28,2026-01-28,day,final,research,"The salary limitation rose to $228,000 (Executive Level II); NOT-OD-26-034 first gave January 11, 2026 as the effective date and NOT-OD-26-038 corrected it on February 9, 2026 to January 1, 2026.",,changes/ch-nih-salary-cap-fy2026,18;19;20;21
ch-pa-aids-due-dates-removed,2026-01-28,2026-01-28,day,final,people,"NIH's list of policy notices shows NOT-OD-26-029, 'NIH Removing AIDS Application Due Dates from NOFOs', dated January 28, 2026; the parent fellowship, career and training notices list it as a related notice.",,changes/ch-pa-aids-due-dates-removed,80;736;744;750
ch-pa-k99-window-extension-2026,2026-01-30,2026-01-30,day,final,people,"NIH gave a second automatic extension of K99/R00 eligibility: windows ending September to November 2025 run to February/March 2026, and windows ending January to March 2026 run to June/July 2026.",postdoctoral-fellowship;mentored-career-development-award,changes/ch-pa-k99-window-extension-2026,790
ch-ga-2026-01-31-lapse-in-appropriations,2026-01-31,2026-01-31,day,final,rules for every award,"NIH recorded a lapse of federal funding beginning January 31, 2026 and issued guidance on February 2, 2026: work under active awards could continue, applications were still submitted by their due dates, and no awards were processed.",,changes/ch-ga-2026-01-31-lapse-in-appropriations,1872;1856
cdmrp-fy26-appropriation,2026-02-03,2026-02-03,day,final,research,"Under the appropriations act signed February 3, 2026, CDMRP received $1.27 billion for 34 programmes in FY 2026, including $370.0 million for PRMRP across 52 topics.",defense-basic-research,changes/cdmrp-fy26-appropriation,295
ch-cb-fy2026-appropriations,2026-02-03,2026-02-03,day,enacted,capacity,"The Senate Appropriations Committee reported on February 3, 2026 that Congress had approved the FY 2026 Labor, HHS and Education bill.",research-instrumentation-and-facilities;designated-institution-programmes,changes/ch-cb-fy2026-appropriations,538;63;1665;1405
ch-cc-fy2026-earmarks-enacted,2026-02-03,2026-02-03,day,enacted,capacity,"FY2026 earmarked projects were enacted in four laws: P.L. 119-37 (November 12, 2025), P.L. 119-74 (January 23, 2026), P.L. 119-75 (February 3, 2026) and P.L. 119-86 (April 30, 2026).",research-instrumentation-and-facilities;congressionally-directed-project,changes/ch-cc-fy2026-earmarks-enacted,1677;1679;1685;1709
ch-nih-fy2026-appropriation,2026-02-03,2026-02-03,day,final,research,"The Consolidated Appropriations Act, 2026 (Public Law 119-75) was signed February 3, 2026; NIH states a program level of $47.5 billion, a 1 percent increase over FY 2025.",,changes/ch-nih-fy2026-appropriation,21;62;63;80
ch-nih-indirect-cost-rider-fy2026,2026-02-03,2026-02-03,day,final,research,"The FY 2026 appropriations act (Public Law 119-75) carries section 224, under which the indirect cost provisions of 45 CFR part 75 continue to apply to NIH grants.",,changes/ch-nih-indirect-cost-rider-fy2026,62;63;57
ch-re-2026-02-03-fy2026-lhhs-enacted,2026-02-03,2026-02-03,day,final,research,"Public Law 119-75, the Consolidated Appropriations Act, 2026, was approved on February 3, 2026; HHS budget documents cite it for FY2026.",,changes/ch-re-2026-02-03-fy2026-lhhs-enacted,539;538;537;536;533
ch-sa-2026-02-03-fy2026-appropriations,2026-02-03,2026-02-03,day,enacted,programme-service,"Congress completed the FY 2026 Labor-HHS-Education appropriations act on February 3, 2026, as the Senate committee reports.",,changes/ch-sa-2026-02-03-fy2026-appropriations,538;535;533
c-rf-fy2026-appropriations-labor-hhs,2026-02-04,2026-02-04,day,final,research,"A policy organisation reports that H.R. 7148, signed February 4, 2026, gives IES approximately $790 million for FY 2026 and bars transfers of Department of Education funds to other agencies without Congressional approval; trade press…",,changes/c-rf-fy2026-appropriations-labor-hhs,717;692
ch-gc-nih-common-forms-leniency,2026-02-04,2026-02-04,day,final,rules for every award,NIH extended the leniency period for the Common Forms through May 2026 (NOT-OD-26-033).,,changes/ch-gc-nih-common-forms-leniency,129;32
ch-pe-cdmrp-fy26-appropriation,2026-02-04,2026-02-04,day,enacted,people,"CDMRP reported a fiscal year 2026 appropriation of $1.27 billion for 34 research programmes under the Consolidated Appropriations Act, 2026, signed February 3, 2026.",mentored-career-development-award,changes/ch-pe-cdmrp-fy26-appropriation,295
ch-pb-prfb-2026-solicitation,2026-02-05,2026-02-05,day,final,people,"NSF 26-504 replaced NSF 24-593 for the biology postdoctoral fellowships: three competitive areas became one focus area on artificial intelligence and biological sciences, the fellowship rose to $110,000 a year, and the length became 24…",postdoctoral-fellowship,changes/ch-pb-prfb-2026-solicitation,837;836
arpa-e-notices-drop-15pct-cap-2026,2026-02-06,2026-02-06,day,final,research,"ARPA-E removed a 15% indirect cost cap from open notices by modification; in the CATALCHEM-E notice this was Modification 03 of February 6, 2026.",energy-department-research,changes/arpa-e-notices-drop-15pct-cap-2026,301;302
ch-ga-2026-02-06-ca4-nadohe-certification-injunction-vacated,2026-02-06,2026-02-06,day,in-litigation,rules for every award,In National Association of Diversity Officers in Higher Education v. Trump the Fourth Circuit vacated the District of Maryland's nationwide preliminary injunction against the termination and certification provisions of Executive Orders…,,changes/ch-ga-2026-02-06-ca4-nadohe-certification-injunction-vacated,1865
ch-nih-r13-permission-removed,2026-02-10,2026-02-10,day,final,research,"NOT-OD-26-040 ended the requirement to obtain an institute's written permission before submitting a conference grant application; the parent R13 notice applies this to due dates on or after April 12, 2026.",nih-investigator-initiated-grant,changes/ch-nih-r13-permission-removed,97;52
ch-fa-moore-postdoc-commitment,2026-02-12,2026-02-12,day,final,foundations,The Moore Foundation announced $55 million in one-time support for more than 400 postdoctoral researchers over three academic years (2025-2028) at 30 U.S. universities that had received past support from its Science Program.,,changes/ch-fa-moore-postdoc-commitment,2242;2246
ch-fb-mellon-higher-learning-call,2026-02-17,2026-02-17,day,final,foundations,"Applications closed for the Mellon Foundation's 2026 Higher Learning open call, worth $10 million in grants of $250,000 to $500,000 to four-year colleges and universities.",foundation-research-grant,changes/ch-fb-mellon-higher-learning-call,2339
ch-ca-doe-epscor-fy2026-notice,2026-02-18,2026-02-18,day,final,capacity,"DOE issued DE-FOA-0003615, Building EPSCoR-State/National Laboratory Partnerships, with $35,000,000 expected; applications were due May 21, 2026 and the listing was archived June 20, 2026.",epscor-and-idea-jurisdictions,changes/ch-ca-doe-epscor-fy2026-notice,1569;1568
ch-pe-doe-policy-flash-2026-33,2026-02-19,2026-02-19,day,final,people,"DOE issued Policy Flash 2026-33, sending out its procedure for reviewing funding announcements under Executive Order 14332; review of discretionary awards is left to a later letter and NNSA is excluded.",,changes/ch-pe-doe-policy-flash-2026-33,314
ch-gc-section-117-state-agreement,2026-02-23,2026-02-23,day,announced,rules for every award,"A law firm alert reports that the Departments of Education and State announced an interagency agreement under which the State Department assists with section 117 reporting, public inspection and enforcement.",,changes/ch-gc-section-117-state-agreement,2027;1397
ch-sc-ed-interagency-agreements-2026-02,2026-02-23,2026-02-23,day,pending-implementation,programme-service,"The Department announced that HHS will administer Project SERV, School Safety National Activities, Ready to Learn Programming, Full-Service Community Schools, Promise Neighborhoods and Statewide Family Engagement Centers, and that State…",workforce-and-education-programmes,changes/ch-sc-ed-interagency-agreements-2026-02,1397;1398
ch-gb-2026-02-25-fpds-search-into-sam,2026-02-25,2026-02-25,day,final,rules for every award,"GSA moved contract award data and search from FPDS.gov into SAM.gov, retired the FPDS.gov ezSearch feature, and said the FPDS.gov ATOM feed is to be retired later in FY 2026; the announcement concerns contracts and does not address…",,changes/ch-gb-2026-02-25-fpds-search-into-sam,1907;1901
ch-nih-dms-plan-format-2026,2026-02-25,2026-02-25,day,final,research,"NOT-OD-26-046 revised the elements of a Data Management and Sharing Plan and required a new format page for due dates on or after May 25, 2026.",,changes/ch-nih-dms-plan-format-2026,100;99;124
c-rf-ies-reimagining-2026,2026-02-27,2026-02-27,day,proposed,research,"The Department released the report Reimagining the Institute of Education Sciences, which recommends topic-focused funding and multi-state research awards, and said it would consider the recommendations.",education-social-and-justice-research,changes/c-rf-ies-reimagining-2026,673;674
c-rf-neh-funding-restrictions-2026,2026-02-27,2026-02-27,day,final,research,"The NEH General Application Guide of February 27, 2026 and the 2026 notices list as unallowable the promotion of a particular political, religious or ideological point of view, support for DEI or DEIA initiatives, and environmental…",humanities-arts-and-cultural-heritage-research,changes/c-rf-neh-funding-restrictions-2026,644;632;634
ch-pd-neh-2026-subject-limit,2026-03-02,2026-03-02,day,final,people,"The 2026 competitions for NEH Fellowships, Public Scholars and Awards for Faculty at HBCUs accepted only projects in American history and culture and Western civilization.",humanities-arts-and-international-fellowships,changes/ch-pd-neh-2026-subject-limit,986;1003;1004;988
ch-pe-neh-awards-faculty-2026-hbcu-only,2026-03-02,2026-03-02,day,final,people,"NEH's 2026 Awards for Faculty notice, 20260422-HB, posted March 2, 2026, is titled Awards for Faculty at HBCUs; the notice before it, 20250409-HB, covered Hispanic-Serving Institutions, historically Black colleges and tribal colleges…",humanities-arts-and-international-fellowships,changes/ch-pe-neh-awards-faculty-2026-hbcu-only,1053;1055
ch-fb-macarthur-2025-payout,2026-03-03,2026-03-03,day,final,foundations,"The MacArthur Foundation reported estimated charitable spending of $647 million in 2025, a payout rate of 7.1 percent and about $190 million more than it had anticipated.",,changes/ch-fb-macarthur-2025-payout,2327
ch-pc-doe-ecrp-fy26-notice-dates,2026-03-03,2026-03-03,day,final,people,"The FY 2026 Early Career Research Program notice, DE-FOA-0003602, was posted March 3, 2026 and closed June 2, 2026; the two notices before it were posted January 17, 2025 and December 15, 2023.",early-career-faculty-award,changes/ch-pc-doe-ecrp-fy26-notice-dates,909;282
ch-ca-nih-c06-notice-2026,2026-03-06,2026-03-06,day,final,capacity,"NIH posted PAR-26-106 for C06 construction awards, with due dates of April 6, 2026, January 25, 2027 and January 25, 2028.",research-instrumentation-and-facilities,changes/ch-ca-nih-c06-notice-2026,1542;1541
ch-gb-2026-03-06-era-two-factor,2026-03-06,2026-03-06,day,final,rules for every award,"eRA's sign-in page, as updated March 6, 2026, requires PIs and key personnel to move to two-factor authentication (Login.gov or an InCommon federated account) 45 days after submitting a competing application or an RPPR, and told users…",,changes/ch-gb-2026-03-06-era-two-factor,1914
ch-pa-ahrq-r36-early-expiration,2026-03-06,2026-03-06,day,final,people,AHRQ declared its dissertation grant notice PA-23-196 (R36) expired effective immediately; the notice states that no further applications will be accepted.,predoctoral-fellowship,changes/ch-pa-ahrq-r36-early-expiration,513
ch-cc-cdfi-fy2025-round-deadline-moved,2026-03-10,2026-03-10,day,final,capacity,"The CDFI Fund moved a deadline in the FY 2025 CDFI Program round from October 27, 2025 to April 10, 2026 for applicants invited to update their applications, citing the lapse in appropriations.",nonprofit-capacity-building-and-technical-assistance,changes/ch-cc-cdfi-fy2025-round-deadline-moved,1435
ch-re-2026-03-ahrq-early-expirations,2026-03-10,2026-03-10,day,final,research,"Between March 6 and March 17, 2026 AHRQ ended its standing R18, R01 and R03 announcements, its dissertation announcement and topic-specific R01 announcements by notices of early expiration, effective immediately.",health-services-and-public-health-research,changes/ch-re-2026-03-ahrq-early-expirations,512;513;514;515;516;517;510;518
ch-sc-cdfi-fy25-deadline-moved,2026-03-10,2026-03-10,day,final,programme-service,"The CDFI Fund moved a FY 2025 CDFI Program deadline for applicants at step 4 of evaluation from October 27, 2025 to April 10, 2026, citing the lapse in appropriations.",food-environment-and-community-development,changes/ch-sc-cdfi-fy25-deadline-moved,1435;1436
ch-nih-success-rate-fy2025,2026-03-12,2026-03-12,day,final,research,"NIH reported that the research project grant success rate fell from 18.5% in FY 2024 to 13.0% in FY 2025, with applications up from 55,418 to 62,592 and new and renewal awards down from 10,265 to 8,161.",nih-investigator-initiated-grant,changes/ch-nih-success-rate-fy2025,81;82
ch-ca-nifa-epscor-fy2026-list,2026-03-13,2026-03-13,day,final,capacity,"NIFA lists 19 USDA EPSCoR states for FY 2026, set at the 38th percentile of a three-year rolling average of AFRI funding.",epscor-and-idea-jurisdictions;research-centres-and-institutional-research-capacity,changes/ch-ca-nifa-epscor-fy2026-list,1576
ch-pa-ahrq-pcor-k-expired,2026-03-13,2026-03-13,day,final,people,"AHRQ's PCOR K01 and K08 notices, PA-22-049 and PA-22-050, reached the expiration date of March 13, 2026 set by a one-year extension in January 2025; Grants.gov shows both archived with close date March 12, 2026.",mentored-career-development-award,changes/ch-pa-ahrq-pcor-k-expired,811;812
ch-pa-ahrq-k08-early-expiration,2026-03-17,2026-03-17,day,final,people,"AHRQ declared its K08 notice PA-22-232 expired effective immediately; its original expiration date was February 14, 2027.",mentored-career-development-award,changes/ch-pa-ahrq-k08-early-expiration,770;783
ch-pd-ed-dol-first-competition-2026,2026-03-17,2026-03-17,day,final,people,"The Departments of Education and Labor announced the first competition under the postsecondary partnership, FY 2026 Talent Search in the Federal TRIO Programs, with awards issued on Labor's GrantSolutions platform.",student-pipeline-and-access-programmes,changes/ch-pd-ed-dol-first-competition-2026,1015
ch-sb-dol-lists-education-competitions,2026-03-17,2026-03-17,day,final,programme-service,"From March 2026 ETA's funding list carries Department of Education competitions, for example Talent Search (posted March 17, 2026) and Teacher Quality Partnership (posted May 7, 2026).",,changes/ch-sb-dol-lists-education-competitions,1295
ch-pa-nrsa-stipends-fy2026,2026-03-18,2026-03-18,day,final,people,"NIH set FY 2026 NRSA stipends for awards made on or after October 1, 2025: predoctoral $29,364; postdoctoral $63,480 at 0 years of experience to $77,076 at 7 or more; tuition and fees, training-related expenses and institutional…",predoctoral-fellowship;postdoctoral-fellowship;institutional-training-grant,changes/ch-pa-nrsa-stipends-fy2026,732;21
ch-cc-fy2027-house-nonprofit-exclusions,2026-03-19,2026-03-19,day,final,capacity,"The House FY27 guidance excludes non-profits, other than fire stations, from Community Facilities requests and excludes non-profit recipients from Distance Learning and Telemedicine requests.",research-instrumentation-and-facilities;congressionally-directed-project;preservation-facilities-and-capital-grants,changes/ch-cc-fy2027-house-nonprofit-exclusions,1672;1671;1673
ch-pa-nigms-joins-parent-f31,2026-03-19,2026-03-19,day,final,people,NIGMS joined the parent F31 notice PA-25-422.,predoctoral-fellowship,changes/ch-pa-nigms-joins-parent-f31,792;736
ch-pa-ahrq-k18-and-supplements-early-expiration,2026-03-20,2026-03-20,day,final,people,"AHRQ declared its K18 notice PA-22-051 and its administrative supplements notice PA-22-168 expired effective immediately. Other AHRQ notices of early expiration between March 10 and March 20, 2026 covered research and conference notices.",mentored-career-development-award,changes/ch-pa-ahrq-k18-and-supplements-early-expiration,771;772;515;516;773;774;517;775;776;777;778;779
afosr-baa-closed-reissued-2026,2026-03-23,2026-03-23,day,final,research,"AFOSR's open announcement FA955025S0001 closed on March 23, 2026 with a notice citing Executive Order 14332; proposals sent March 18–23 were to be resubmitted. Its successor, FA955026S0001, was posted June 4, 2026.",defense-basic-research,changes/afosr-baa-closed-reissued-2026,319;320;339
ch-sc-ed-first-competitions-under-partners-2026,2026-03-23,2026-03-23,day,final,programme-service,"The FY 2026 Talent Search (March 23), Educational Opportunity Centers (April 3) and Charter Schools State Entities (April 20) notices were issued jointly with the Department of Labor, whose Employment and Training Administration ran the…",workforce-and-education-programmes,changes/ch-sc-ed-first-competitions-under-partners-2026,1382;1384;1396;1395
ch-cb-fy2026-eligibility-notice-section-312,2026-03-24,2026-03-24,day,final,capacity,"The FY 2026 eligibility designation notice covers programmes under section 312 of the Higher Education Act, with a window from March 24 to April 23, 2026; the FY 2025 notice had covered Parts A and F of Title III and Title V.",designated-institution-programmes,changes/ch-cb-fy2026-eligibility-notice-section-312,1596;1597
ch-cc-fema-bric-ended-and-resumed,2026-03-25,2026-03-25,day,in-litigation,capacity,"FEMA announced on April 4, 2025 that it was ending BRIC and cancelling all applications from fiscal years 2020 to 2023; twenty states sued in July 2025, and in December 2025 a U.S. District Court ordered FEMA to reverse the termination.",preservation-facilities-and-capital-grants,changes/ch-cc-fema-bric-ended-and-resumed,1750;1777;1778;1776
ch-nih-gps-march-2026,2026-03-25,2026-03-25,day,final,research,"NIH published the March 2026 revision of the Grants Policy Statement, which folds in Guide notices in effect as of March 17, 2026, supersedes the April 2024 version, and applies to budget periods beginning in fiscal year 2026.",,changes/ch-nih-gps-march-2026,98;35
ch-pd-nij-grf-fy25-notice,2026-03-25,2026-03-25,day,final,people,"NIJ posted its fiscal year 2025 Graduate Research Fellowship notice on March 25, 2026, with deadlines of May 19 and May 27, 2026, $1 million for 8 anticipated awards, a required statement on Gold Standard Science under Executive Order…",predoctoral-fellowship,changes/ch-pd-nij-grf-fy25-notice,992;991
ch-nih-late-policy-2026,2026-03-31,2026-03-31,day,final,research,"NOT-OD-26-064 ended the continuous submission policy and restated the two-week late window, effective May 25, 2026.",,changes/ch-nih-late-policy-2026,130
ch-fb-knight-cities-challenge,2026-04-01,2026-04-01,day,final,foundations,"The Knight Foundation relaunched the Knight Cities Challenge with $10 million for two cohorts over three years; first-round applications were open April 1 to April 30, 2026, for up to $200,000 per project in the 26 Knight communities.",foundation-programme-grant,changes/ch-fb-knight-cities-challenge,2355
ch-pd-neh-2026-individual-notice,2026-04-01,2026-04-01,day,final,people,"NEH's 2026 notice for awards to individuals covers four programmes (Awards for Faculty at HBCUs, Fellowships, Fellowships for Advanced Social Science Research on Japan, Public Scholars) and lists the promotion of gender ideology, the…",humanities-arts-and-international-fellowships,changes/ch-pd-neh-2026-individual-notice,987;635
ch-sb-acfc-fy2026-enacted-fy2027-request,2026-04-02,2026-04-02,day,proposed,programme-service,"FY2026 enacted: Head Start $12,356,820 thousand; Child Care and Development Block Grant $8,831,387 thousand; CSBG $775,000 thousand; Family Violence Prevention and Services $245,000 thousand; Runaway and Homeless Youth $146,283 thousand.",children-family-and-ageing-services;formula-money-through-the-state,changes/ch-sb-acfc-fy2026-enacted-fy2027-request,1339;538
c-nsf-2026-04-fy2027-request,2026-04-03,2026-04-03,day,proposed,research,"NSF's FY 2027 request asks for $4,863.15 million, requests $0 for SBE and states that NSF will close out that directorate in FY 2027, and proposes to move STEM Education into the Research and Related Activities account.",nsf-core-research-proposal,changes/c-nsf-2026-04-fy2027-request,255;171
ch-ca-nsf-fy2027-request-capacity-lines,2026-04-03,2026-04-03,day,proposed,capacity,"The NSF FY 2027 budget request asks for $107.70 million for the EPSCoR Office, $20.00 million for MRI, $48.06 million for mid-scale research infrastructure, $181.78 million for Integrative Activities and $350.00 million for the TIP…",research-instrumentation-and-facilities;epscor-and-idea-jurisdictions;research-centres-and-institutional-research-capacity,changes/ch-ca-nsf-fy2027-request-capacity-lines,255
ch-pb-fy2027-request,2026-04-03,2026-04-03,day,proposed,people,"NSF's FY 2027 request proposes to consolidate the STEM Education directorate within the Research and Related Activities account, with an EDU line of $427.68 million against $1,197.00 million in the FY 2025 current plan.",early-career-faculty-award;student-pipeline-and-access-programmes,changes/ch-pb-fy2027-request,255;171
ch-sa-2026-04-03-title-x-fy2027-notice,2026-04-03,2026-04-03,day,final,programme-service,"OASH posted a new Title X services notice, PA-FPH-27-001, with up to $257,000,000 for up to 90 grants, a 60-month project period starting April 1, 2027 and a due date of January 11, 2027; it was revised on July 8, 2026.",health-and-behavioural-health-services,changes/ch-sa-2026-04-03-title-x-fy2027-notice,1218;1180;535
c-rf-imls-settlement,2026-04-09,2026-04-09,day,final,research,"In American Library Association v. Sonderling the parties signed a settlement under which IMLS continues to award grants to the full extent of Congressional appropriation using merit-based competitive peer review, and the 2025…",humanities-arts-and-cultural-heritage-research,changes/c-rf-imls-settlement,689
ch-cc-fy2027-request-rules,2026-04-13,2026-04-13,day,final,capacity,"For FY27 the House allows 20 requests per Member and takes requests in eight subcommittees, with Labor-HHS-Education limited to one HRSA account; its deadlines ran March 13 to March 27, 2026.",,changes/ch-cc-fy2027-request-rules,1668;1669;1670;1675
ch-pb-grfp-2026-offers,2026-04-13,2026-04-13,day,final,people,"NSF announced 2,500 fellowship offers for the 2026-2027 academic year from nearly 14,000 applicants, and named 1,470 Honorable Mentions.",predoctoral-fellowship,changes/ch-pb-grfp-2026-offers,860;861
ch-ca-nsf-granted-not-accepting,2026-04-14,2026-04-14,day,announced,capacity,NSF states that the GRANTED funding opportunity is not accepting proposals at this time; the page gives the programme's name as Growing Research Access for Nationally Transformative Economic Development.,research-centres-and-institutional-research-capacity,changes/ch-ca-nsf-granted-not-accepting,1579;1529
ch-pc-nasa-finesst25-released-april-2026,2026-04-14,2026-04-14,day,final,people,"The FINESST element of ROSES-2025, previously listed as to be determined, was released by Amendment 52 with proposals due July 14, 2026. The Earth Science Division lists FINESST26 as still to be determined.",predoctoral-fellowship,changes/ch-pc-nasa-finesst25-released-april-2026,949;948;950
c-rd-2026-04-epa-fy27-request,2026-04,2026-04-15,month,proposed,research,"EPA's FY 2027 request asks $508,385 thousand for Science and Technology against $744,195 thousand in the FY 2026 enacted operating plan, with each of the four research programme lines reduced.",agriculture-environment-and-physical-science-agencies,changes/c-rd-2026-04-epa-fy27-request,458;459
c-rf-fy2027-requests,2026-04,2026-04-15,month,proposed,research,"Trade press reports that the FY 2027 budget request proposes $6 million for IMLS, $29 million for NEA and $38 million for NEH, each for closing down. An association statement also says the FY 2027 request proposes eliminating NEH and NEA.",,changes/c-rf-fy2027-requests,692;718
ch-cc-fy2027-budget-request,2026-04,2026-04-15,month,proposed,capacity,"The President's FY2027 Budget carries an entry 'Community Facilities Grant Earmarks' at minus $659 million and an Economic Development Administration entry at minus $449 million, proposes to eliminate the Community Development Block…",congressionally-directed-project;nonprofit-capacity-building-and-technical-assistance;preservation-facilities-and-capital-grants,changes/ch-cc-fy2027-budget-request,1710
ch-pc-nasa-fy27-stem-engagement-request,2026-04,2026-04-15,month,proposed,people,"NASA's FY 2027 budget request shows the STEM Engagement account at $0.0 million, against $143.0 million enacted for FY 2026.",,changes/ch-pc-nasa-fy27-stem-engagement-request,396
ch-pc-noaa-fy27-climate-research-reductions-proposed,2026-04,2026-04-15,month,proposed,people,"NOAA's FY 2027 budget justification shows reductions of $71,504,000 for Climate Competitive Research and $104,964,000 for Climate Laboratories and Cooperative Institutes.",postdoctoral-fellowship,changes/ch-pc-noaa-fy27-climate-research-reductions-proposed,445
ch-pc-noaa-fy27-office-of-education-termination-proposed,2026-04,2026-04-15,month,proposed,people,"NOAA's FY 2027 budget justification proposes to terminate NOAA's Office of Education, listed with the Hollings Scholarship: FY 2026 enacted $34,950 thousand; FY 2027 request $0.",student-pipeline-and-access-programmes,changes/ch-pc-noaa-fy27-office-of-education-termination-proposed,445
ch-pc-noaa-fy27-sea-grant-termination-proposed,2026-04,2026-04-15,month,proposed,people,"NOAA's FY 2027 budget justification proposes to terminate the National Sea Grant College Program: FY 2026 enacted $80,328 thousand; FY 2027 request $0.",predoctoral-fellowship,changes/ch-pc-noaa-fy27-sea-grant-termination-proposed,445
ch-re-2026-04-fy2027-budget-reorganisation-proposals,2026-04,2026-04-15,month,proposed,research,"The FY2027 President's Budget presents the Administration for a Healthy America and the Administration for Children, Families, and Communities as planned bodies, and an Office of Strategy consolidating ASPE, AHRQ and NCHS. The…",,changes/ch-re-2026-04-fy2027-budget-reorganisation-proposals,535;537;536;533;534;545
ch-sa-2026-04-aha-still-planned,2026-04,2026-04-15,month,proposed,programme-service,"The FY 2027 budget documents describe the Administration for a Healthy America as planned, state that the budget continues to align with the Secretary's planned reorganisation, and present OASH, HRSA, SAMHSA and several CDC centres…",,changes/ch-sa-2026-04-aha-still-planned,535;533;1108;1144
ch-sa-2026-04-fy2027-budget-request,2026-04,2026-04-15,month,proposed,programme-service,"The FY 2027 President's Budget requests $0 for Title X, Teen Pregnancy Prevention and Healthy Start, and proposes to consolidate the two SAMHSA block grants and State Opioid Response grants into a Behavioral Health Innovation Block…",health-and-behavioural-health-services;formula-money-through-the-state,changes/ch-sa-2026-04-fy2027-budget-request,535;533
doe-applied-offices-renamed,2026-04,2026-04-15,month,final,research,DOE's FY 2027 budget brief shows the Office of Energy Efficiency and Renewable Energy as the Office of Critical Minerals and Energy Innovation and the Office of Fossil Energy as the Hydrocarbons and Geothermal Energy Office.,energy-department-research,changes/doe-applied-offices-renamed,297;307
fy2027-budget-requests,2026-04,2026-04-15,month,proposed,research,"FY 2027 requests against FY 2026 enacted: Office of Science $7,138,815,000 against $8,250,000,000; ARPA-E $200,292,000 against $350,000,000; NASA Science $3,893.9 million against $7,250.0 million; DARPA $5.039 billion against $4.322…",,changes/fy2027-budget-requests,297;396;343;296
ch-pc-nasa-ecip-es-renamed-and-solicited,2026-04-17,2026-04-17,day,final,people,"Amendment 53 to ROSES-2025 added the Early Career Investigator Program in Earth Science, formerly the New Investigator Program, with proposals due June 17, 2026.",early-career-faculty-award,changes/ch-pc-nasa-ecip-es-renamed-and-solicited,952;950;951
ch-sa-2026-04-24-samhsa-harm-reduction-letter,2026-04-24,2026-04-24,day,final,programme-service,"SAMHSA's letter of April 24, 2026 to grantees and state agency leadership lists supplies and services federal funds may not buy, adding fentanyl test strips and other substance test kits to syringes, pipes and other paraphernalia, and…",health-and-behavioural-health-services,changes/ch-sa-2026-04-24-samhsa-harm-reduction-letter,1135;548;1112
c-rd-2026-04-noaa-fy27-request,2026-04-28,2026-04-28,day,proposed,research,"NOAA's FY 2027 budget request proposes $0 for the Office of Oceanic and Atmospheric Research, with research moved to other line offices, and lists terminations of Climate Competitive Research, Climate and Ocean Laboratories and…",agriculture-environment-and-physical-science-agencies,changes/c-rd-2026-04-noaa-fy27-request,445;444
c-rd-2026-epa-star-no-notices,2026-04-29,2026-04-29,day,final,research,"EPA's research funding opportunities page, last updated April 29, 2026, states that there are no open funding opportunities; the last STAR research notice on Grants.gov was posted July 31, 2024.",agriculture-environment-and-physical-science-agencies,changes/c-rd-2026-epa-star-no-notices,452;461
ch-fb-walton-strategy-2030,2026-05-06,2026-05-06,day,announced,foundations,"The Walton Family Foundation announced Home Region Strategy 2030, a five-year strategy (2026 to 2030) for Northwest Arkansas and the Arkansas-Mississippi Delta; no dollar figure is given.",,changes/ch-fb-walton-strategy-2030,2353
c-rf-neh-sj-2026-05,2026-05-07,2026-05-07,day,on-appeal,research,"The Southern District of New York granted the plaintiffs judgment in ACLS v. NEH and Authors Guild v. NEH on First Amendment, Fifth Amendment equal protection and ultra vires claims concerning the April 2025 terminations.",,changes/c-rf-neh-sj-2026-05,642;643
ch-cd-fy2027-earmark-request-windows-closed,2026-05-07,2026-05-07,day,final,capacity,"Every committee deadline for fiscal year 2027 earmark requests has passed. House deadlines for Community Project Funding requests ran from Friday, March 13, 2026 (Military Construction-VA) to Friday, March 27, 2026 (Labor-HHS-Education…",research-instrumentation-and-facilities;congressionally-directed-project;preservation-facilities-and-capital-grants,changes/ch-cd-fy2027-earmark-request-windows-closed,1668;1675
ch-pd-neh-summary-judgment-2026-05,2026-05-07,2026-05-07,day,on-appeal,people,"The Southern District of New York granted summary judgment to the plaintiffs on First Amendment, equal protection and ultra vires claims and vacated the terminations.",humanities-arts-and-international-fellowships,changes/ch-pd-neh-summary-judgment-2026-05,642;643
ch-gb-2026-05-08-nih-common-forms-enforced,2026-05-08,2026-05-08,day,final,rules for every award,"A later development to ch-nih-common-forms-sciencv: NIH required the Common Forms from January 25, 2026 but only warned of non-compliance through May 7, 2026; from May 8, 2026 system errors stop any submission that does not use…",,changes/ch-gb-2026-05-08-nih-common-forms-enforced,1941;31
ch-pa-diversity-supplement-guide-expiration,2026-05-08,2026-05-08,day,final,people,"The NIH Guide page for the diversity supplement notice PA-23-189 gives May 8, 2026 as its expiration date, while Grants.gov shows the notice archived with close date February 21, 2025.",,changes/ch-pa-diversity-supplement-guide-expiration,759;801;1
ch-gc-hhs-504-web-accessibility-dates,2026-05-11,2026-05-11,day,final,rules for every award,"An amendment at 91 FR 25507 changed 45 CFR 84.84, HHS's rule on web and mobile accessibility for recipients; the section now sets compliance from May 11, 2027 for recipients with fifteen or more employees and from May 10, 2028 for…",,changes/ch-gc-hhs-504-web-accessibility-dates,2044
ch-ca-nih-rcmi-forecast-dates-passed,2026-05-13,2026-05-13,day,announced,capacity,"The Grants.gov forecast for an RCMI U54 notice (FOR-MD-25-004) shows an estimated post date of September 24, 2025 and an estimated award date of March 25, 2026; the forecast was last updated May 13, 2026 and no posted notice was found…",designated-institution-programmes;research-centres-and-institutional-research-capacity,changes/ch-ca-nih-rcmi-forecast-dates-passed,1587;1586
ch-re-2026-05-13-fy2027-house-cjs,2026-05-13,2026-05-13,day,proposed,research,"A secondary source reports that the House Appropriations Committee reported its FY2027 Commerce-Justice-Science bill on May 13, 2026, with NIJ at $22.0 million and BJS at $33.0 million and a direction to lower the research and…",,changes/ch-re-2026-05-13-fy2027-house-cjs,625;620
ch-cc-nps-sat-notice-terms-2026,2026-05-15,2026-05-15,day,final,capacity,The 2026 Save America's Treasures notice requires applicants to certify awareness of and compliance with current executive and secretary's orders and encourages projects in support of the country's 250th anniversary.,preservation-facilities-and-capital-grants,changes/ch-cc-nps-sat-notice-terms-2026,1705
ch-ca-nifa-egp-fy2026,2026-05-18,2026-05-18,day,final,capacity,"NIFA posted the FY 2026 Equipment Grants Program notice (USDA-NIFA-CEGP-32987), $2,800,000 estimated, which closed June 25, 2026.",research-instrumentation-and-facilities,changes/ch-ca-nifa-egp-fy2026,1575;1590
ch-cd-nist-directed-project-route,2026-05-18,2026-05-18,day,final,capacity,"NIST's pages for named recipients, updated May 1 and May 18, 2026, set out the route for directed projects: NIST contacts the designated recipients after the act is signed, publishes a Grants.gov notice open for 30 days to those…",research-instrumentation-and-facilities;congressionally-directed-project,changes/ch-cd-nist-directed-project-route,1757;1758
ch-fb-osf-300m,2026-05-20,2026-05-20,day,announced,foundations,The Open Society Foundations announced a $300 million initiative in the United States for civil liberties and the rule of law and for civil rights and economic opportunity; the announcement states no period and no application route.,,changes/ch-fb-osf-300m,2356
ch-cb-rdi-fy2026-competition,2026-05-21,2026-05-21,day,final,capacity,"The FY 2026 Research and Development Infrastructure competition named HBCUs and TCCUs as the eligible applicants, with $15,000,000 and a 1:1 match.",research-instrumentation-and-facilities;designated-institution-programmes,changes/ch-cb-rdi-fy2026-competition,1616
ch-cb-sip-fy2026-competition,2026-05-21,2026-05-21,day,final,capacity,"The FY 2026 Strengthening Institutions Program competition opened with an estimated $365,875,512 and 600 awards, run by the Department of Labor for Education, and closed June 23, 2026.",designated-institution-programmes,changes/ch-cb-sip-fy2026-competition,1600;1405
ch-cc-house-fy27-thud-bill,2026-05-21,2026-05-21,day,proposed,capacity,"An article by a Section 4 grantee reports that the House FY27 Transportation-HUD bill provides $42 million for Section 4 against $46 million enacted for FY26, and $276 million for the CDFI Fund against $323 million.",nonprofit-capacity-building-and-technical-assistance,changes/ch-cc-house-fy27-thud-bill,1753;1785
ch-sc-ed-supplemental-priorities-2026,2026-05-22,2026-05-22,day,final,programme-service,"Four further supplemental priorities were finalised: Meaningful Learning Opportunities (February 12, 2026), Career Pathways and Workforce Readiness and Advancing Artificial Intelligence in Education (April 13, 2026), and Promoting…",,changes/ch-sc-ed-supplemental-priorities-2026,1393
c-nsf-2026-05-thakur-ninth-circuit,2026-05-26,2026-05-26,day,on-appeal,research,The Ninth Circuit reversed the injunction for the form-termination class on Tucker Act grounds and affirmed it for the class terminated under the DEI executive orders. The government petitioned the Supreme Court for review in August 2026.,,changes/c-nsf-2026-05-thakur-ninth-circuit,242;243
ch-pa-foreign-component-reminder,2026-05-27,2026-05-27,day,final,people,"NIH issued a reminder of its definition of a foreign component; the notice does not mention fellows, trainees or training abroad.",,changes/ch-pa-foreign-component-reminder,785
ch-sc-omb-2cfr-proposed,2026-05-29,2026-05-29,day,proposed,programme-service,"OMB and the grant-making agencies proposed revisions to the government-wide grants rules in 2 CFR, with comments due July 13, 2026.",,changes/ch-sc-omb-2cfr-proposed,1458
ch-sd-voca-fy2026-notice,2026-05-29,2026-05-29,day,final,programme-service,"OVC posted the FY 2026 VOCA victim assistance formula notice on May 29, 2026, for $1,291,565,110 in 56 awards.",justice-victim-services-and-legal-aid;formula-money-through-the-state,changes/ch-sd-voca-fy2026-notice,1468;1482;1470
ch-gc-usda-research-security-deviation,2026-06-03,2026-06-03,day,final,rules for every award,"USDA issued an optional deviation to its General Terms and Conditions, 2026-USDA-0001-F, effective June 3, 2026, updating terms on research security, foreign ownership, control and influence, and malign foreign talent recruitment…",,changes/ch-gc-usda-research-security-deviation,2020
ch-fc-section-4960-notice-2026-36,2026-06-05,2026-06-05,day,announced,foundations,"Treasury and the IRS issued Notice 2026-36 (news release IR-2026-73), announcing proposed regulations to come on the section 4960 excise tax, which from taxable years beginning after December 31, 2025 can reach any employee of a…",,changes/ch-fc-section-4960-notice-2026-36,2463
ch-nih-rpg-cap-rfi,2026-06-08,2026-06-08,day,proposed,research,"NOT-OD-26-086 asked for comment, by August 3, 2026, on capping at 2, 3 or 4 the research project grants a person may hold at once as PI or multiple PI, across 46 activity codes.",nih-investigator-initiated-grant;nih-targeted-and-large-awards,changes/ch-nih-rpg-cap-rfi,89;88
ch-pa-r25-parent-notices,2026-06-08,2026-06-08,day,final,people,"NIH posted three NIH-wide parent R25 research education notices: PA-27-034 (courses, curriculum and methods), PA-27-035 (mentoring activities and networks) and PA-27-036 (research experiences), with first due date September 25, 2026.",institutional-training-grant;student-pipeline-and-access-programmes,changes/ch-pa-r25-parent-notices,1;754;756
ch-pc-knauss-2027-calendar,2026-06-08,2026-06-08,day,final,people,"The notice for the 2027 Knauss class was posted June 8, 2026 with a state deadline of July 1, 2026 and a national deadline of August 26, 2026.",predoctoral-fellowship,changes/ch-pc-knauss-2027-calendar,964;436;965
ch-pc-notices-cite-executive-orders,2026-06-08,2026-06-08,day,final,people,"The 2027 Knauss fellowship notice cites Executive Orders 14173, 14303 and 14281 as requirements on applicants and recipients.",early-career-faculty-award,changes/ch-pc-notices-cite-executive-orders,965;922;924
ch-pd-hrsa-nrsa-fy26-notice,2026-06-08,2026-06-08,day,final,people,"HRSA competed its primary care National Research Service Award (HRSA-26-035, $9,566,800 for 20 expected awards); the previous listing found was posted September 10, 2020.",institutional-training-grant;health-workforce-training-and-loan-repayment,changes/ch-pd-hrsa-nrsa-fy26-notice,1046;1027;1028
c-rd-2026-06-09-nist-mse-deadline,2026-06-09,2026-06-09,day,final,research,"NIST amended its measurement science and engineering notice (2025-NIST-MSE-01) to replace rolling acceptance of applications with a single deadline of September 15, 2026; the notice is now closed.",agriculture-environment-and-physical-science-agencies,changes/c-rd-2026-06-09-nist-mse-deadline,464;463
ch-sa-2026-06-09-house-fy2027-lhhs,2026-06-09,2026-06-09,day,proposed,programme-service,"The House Appropriations Committee approved its FY 2027 Labor-HHS-Education bill 34 to 28, with $189.3 billion in discretionary funding.",,changes/ch-sa-2026-06-09-house-fy2027-lhhs,60;1203
ch-cc-nps-fy2025-hpf-notices-2026,2026-06-11,2026-06-11,day,final,capacity,"The National Park Service posted its FY2025 Historic Preservation Fund competitive notices between May 15 and June 11, 2026, and all had closed by July 28, 2026.",designated-institution-programmes;preservation-facilities-and-capital-grants,changes/ch-cc-nps-fy2025-hpf-notices-2026,1697;1705;1706
ch-pc-darpa-yfa-2027-announcement-expected,2026-06-11,2026-06-11,day,announced,people,"DARPA stated on June 11, 2026 that the Young Faculty Award research announcement for 2027 would be available in early fall 2026. A Grants.gov search on 2026-10-04 showed the 2026 announcement as the latest.",early-career-faculty-award,changes/ch-pc-darpa-yfa-2027-announcement-expected,926;927
ch-fa-simons-policies-june-2026,2026-06,2026-06-15,month,final,foundations,"The Simons Foundation's Policies and Procedures page is marked last updated June 2026; it carries the 20 percent indirect-cost limit, the preprint and open-access requirements and the exclusion of institutions in China and Hong Kong.",,changes/ch-fa-simons-policies-june-2026,2120
ch-sa-2026-06-samhsa-fy2026-notices,2026-06,2026-06-15,month,final,programme-service,"SAMHSA posted its FY 2026 notices between May 15 and July 14, 2026, most with application windows of about 30 days and the three CCBHC notices with two months; all had closed by August 17, 2026.",,changes/ch-sa-2026-06-samhsa-fy2026-notices,1109;548
ch-pa-f99-k00-parent-notice,2026-06-16,2026-06-16,day,final,people,"NIH posted an NIH-wide parent notice for the F99/K00 Predoctoral to Postdoctoral Transition Award, PA-27-037, marked as a new announcement, with first due date August 08, 2026.",predoctoral-fellowship,changes/ch-pa-f99-k00-parent-notice,741;740
ch-gd-2026-06-18-section-117-amendments-in-portal,2026-06-18,2026-06-18,day,final,rules for every award,"The Department of Education announced that institutions can amend, modify and correct all their section 117 submissions in the ForeignFundingHigherEd.gov portal, including those made before January 2, 2026, and gave…",,changes/ch-gd-2026-06-18-section-117-amendments-in-portal,2113
c-rf-ed-staff-and-contracts,2026-06-22,2026-06-22,day,final,research,"The Department of Education Inspector General reported that IES went from 191 employees to 30 (131 separated by reduction in force and 30 by other separations) and that 97 IES contracts worth $1.1 billion were terminated, out of 129…",,changes/c-rf-ed-staff-and-contracts,670
ch-cb-olc-opinion-usda,2026-06-22,2026-06-22,day,final,capacity,"The Office of Legal Counsel issued an opinion on Department of Agriculture programmes that use race- or sex-based classifications; as fetched it does not address the Department's programmes for 1890, 1994 or Hispanic-serving institutions.",designated-institution-programmes,changes/ch-cb-olc-opinion-usda,1651
ch-pa-k12-parent-notice,2026-06-22,2026-06-22,day,final,people,"NIH posted an NIH-wide parent notice for the K12 Institutional Mentored Career Development Award, PA-27-030, marked as a new announcement, with first due date October 12, 2026.",mentored-career-development-award;institutional-training-grant,changes/ch-pa-k12-parent-notice,753;752
c-nsf-2026-06-gfa-draft,2026-06-24,2026-06-24,day,proposed,research,"NSF published for comment a draft Guidance on Financial Assistance to replace the PAPPG (91 FR 38030); comments closed August 24, 2026. NSF's goal is to issue it for use in early to mid FY2027.",,changes/c-nsf-2026-06-gfa-draft,152;153;151;147
ch-sb-nsgp-fy2026-notice,2026-06-24,2026-06-24,day,in-litigation,programme-service,"FEMA published the FY2026 NSGP notice with $300 million, a state deadline of July 24, 2026, score multipliers by type of organisation and final subaward decisions by the Secretary of Homeland Security.",housing-homelessness-and-veterans-services;formula-money-through-the-state,changes/ch-sb-nsgp-fy2026-notice,1320;1319;1337
ch-ca-nih-s10-consolidated,2026-06-25,2026-06-25,day,final,capacity,"NIH posted PAR-27-022, which consolidates the Shared, High-End and Basic Instrumentation Grant programmes into one S10 Shared Instrumentation Grant notice ($300,000 to $5,000,000), and PAR-27-021, a Seed Instrumentation Support notice…",research-instrumentation-and-facilities,changes/ch-ca-nih-s10-consolidated,1536;1537;1535
c-rf-neh-subject-limit-2026,2026-06-30,2026-06-30,day,final,research,The 2026 competitions of Collaborative Research and Scholarly Editions and Translations were limited to projects on American history and culture or Western civilization.,humanities-arts-and-cultural-heritage-research,changes/c-rf-neh-subject-limit-2026,633;632;631
ch-sb-ojp-fy2026-unallowable-activities,2026-07-02,2026-07-02,day,enjoined,programme-service,"FY2026 OJP notices list as unallowable any activity that violates federal immigration law, including 8 U.S.C. 1373, or federal civil rights law.",justice-victim-services-and-legal-aid,changes/ch-sb-ojp-fy2026-unallowable-activities,1274;1276;1277
ch-sc-usda-rcdi-notice-rescinded,2026-07-02,2026-07-02,day,rescinded,programme-service,The Rural Housing Service rescinded the fiscal year 2025 Rural Community Development Initiative notice; submitted applications do not advance and a new application is needed under a future notice.,food-environment-and-community-development,changes/ch-sc-usda-rcdi-notice-rescinded,1412
ch-cc-hud-capacity-notices-2026,2026-07-06,2026-07-06,day,announced,capacity,"HUD's Section 4 notice (FY 2024 and FY 2025 funds) and FY 2025 Rural Capacity Building notice both closed July 6, 2026.",nonprofit-capacity-building-and-technical-assistance,changes/ch-cc-hud-capacity-notices-2026,1712;1714;1715;1716
ch-gc-usda-terms-injunction-deviation,2026-07-08,2026-07-08,day,final,rules for every award,"USDA issued deviation 2026-USDA-0002-F to its General Terms and Conditions, effective July 8, 2026, following a preliminary injunction in City of Seattle v. Trump, No. 2:25-cv-1435.",,changes/ch-gc-usda-terms-injunction-deviation,2020
ch-ga-2026-07-13-omb-proposal-comment-period-closed,2026-07-13,2026-07-13,day,proposed,rules for every award,"The comment period on OMB's proposed ""Regulation for Federal Financial Assistance"" closed; the Federal Register record shows 496,606 comments in docket OMB-2026-0034. This adds to the ledger's ch-sc-omb-2cfr-proposed.",,changes/ch-ga-2026-07-13-omb-proposal-comment-period-closed,1858;1458
ch-pa-lrp-2026-notices,2026-07-13,2026-07-13,day,final,people,"NIH released three loan repayment notices for the cycle of September 1 to November 19, 2026: clinical research (NOT-OD-26-081), pediatric research (NOT-OD-26-082) and FOCUS (NOT-OD-26-083), the last replacing the 2025 LRP-REACH notice.",health-workforce-training-and-loan-repayment,changes/ch-pa-lrp-2026-notices,763;764;765;766
ch-ca-nsf-engines-first-cohort-count,2026-07-14,2026-07-14,day,final,capacity,"NSF announced 10 inaugural Engines on January 29, 2024. Its Cohort 1 page (last updated July 14, 2026), its one-pager and its July 14, 2026 news item count nine; the Paso del Norte Defense and Aerospace Innovation Engine is not on the…",research-centres-and-institutional-research-capacity,changes/ch-ca-nsf-engines-first-cohort-count,1580;1581;1582;1527
ch-ca-nsf-engines-second-cohort,2026-07-14,2026-07-14,day,final,capacity,"NSF announced 12 new Regional Innovation Engines across 20 states, each with an initial $15 million over two years, and said a further round of funding had been released for inaugural Engines.",research-centres-and-institutional-research-capacity,changes/ch-ca-nsf-engines-second-cohort,1527;1583
ch-cd-sba-prime-fy2026-notice,2026-07-15,2026-07-15,day,final,capacity,"The Small Business Administration posted a PRIME notice for FY 2026 on July 15, 2026, closing August 12, 2026; the previous notices on Grants.gov date from 2019.",nonprofit-capacity-building-and-technical-assistance,changes/ch-cd-sba-prime-fy2026-notice,1797
ch-sc-ntia-digital-equity-ruling,2026-07-15,2026-07-15,day,in-litigation,programme-service,The District of Columbia district court held the Digital Equity Act's racial classification provision unconstitutional and severable and denied the motion to dismiss; the government had committed to reinstate the Competitive Grant…,food-environment-and-community-development,changes/ch-sc-ntia-digital-equity-ruling,1426;1429
ch-ga-2026-07-17-new-jersey-v-omb-declaratory-judgment,2026-07-17,2026-07-17,day,in-litigation,rules for every award,In State of New Jersey v. U.S. Office of Management and Budget the District of Massachusetts declared that 2 CFR 200.340(a)(4) (2024) and 200.340(a)(2) (2021) do not allow terminations of awards based on new programme goals or agency…,,changes/ch-ga-2026-07-17-new-jersey-v-omb-declaratory-judgment,1869;722
ch-sc-epa-ecj-litigation,2026-07-21,2026-07-21,day,in-litigation,programme-service,"A litigation tracker reports that in Appalachian Voices v. EPA, a class action over terminated Environmental and Climate Justice awards, the district court dismissed on August 29, 2025 and the D.C. Circuit vacated and remanded on July…",food-environment-and-community-development,changes/ch-sc-epa-ecj-litigation,1423;1424
ch-re-2026-nij-fy2026-notice-terms,2026-07-22,2026-07-22,day,final,research,"NIJ's FY2026 research notices list agency funding priorities, among them directly supporting law enforcement operations and combatting violent crime, and unallowable uses, among them programmes that violate federal immigration law.",education-social-and-justice-research,changes/ch-re-2026-nij-fy2026-notice-terms,607
ch-cd-fema-bric-fy24-25-round-closed,2026-07-23,2026-07-23,day,final,capacity,"FEMA's combined fiscal year 2024 and 2025 BRIC notice, DHS-25-MT-047-00-98, made $1,000,000,000 available, opened March 25, 2026 and closed July 23, 2026 at 3:00 p.m. Eastern Time. Grants.gov shows it archived on August 22, 2026.",preservation-facilities-and-capital-grants,changes/ch-cd-fema-bric-fy24-25-round-closed,1776;1775
ch-sb-acf-notice-funding-restrictions,2026-07-23,2026-07-23,day,final,programme-service,"ACF's FY2026 notices state that funds may not be used for DEI or DEIA activities or for ""gender ideology"", and the Basic Center notice adds harm reduction activities; both add 10 points for alignment with ACF priorities.",children-family-and-ageing-services,changes/ch-sb-acf-notice-funding-restrictions,1235;1246
ch-sc-americorps-title-vi-proposed,2026-07-23,2026-07-23,day,proposed,programme-service,AmeriCorps proposed to rescind portions of its Title VI regulations to implement Executive Order 14281; the text was not read.,,changes/ch-sc-americorps-title-vi-proposed,1457
ch-ca-nsf-award-terminations,2026-07-24,2026-07-24,day,final,capacity,"NSF states that it terminated awards in named categories, that appeals for terminated awards will not be reviewed or considered, and that 114 awards to 45 institutions are being reinstated following a June 23, 2025 court order; the page…",,changes/ch-ca-nsf-award-terminations,154
ch-gd-2026-07-24-section-117-foreign-source-names,2026-07-24,2026-07-24,day,announced,rules for every award,"An update to the Department of Education's reminder of the July 31, 2026 section 117 deadline says the Department delayed by two weeks, until August 12, 2026, its planned publication of the names of all foreign sources from prior…",,changes/ch-gd-2026-07-24-section-117-foreign-source-names,2112
ch-nih-letters-of-collaboration,2026-07-27,2026-07-27,day,pending-implementation,research,"NOT-OD-26-094 replaces letters of support with letters of collaboration of at most 100 words each, to take effect in fiscal year 2027 with the Forms J application package.",,changes/ch-nih-letters-of-collaboration,131
ch-ca-dod-durip-fy2027,2026-07-29,2026-07-29,day,final,capacity,"The FY 2027 DURIP announcement was posted under three numbers (ONR, Army, AFOSR), closing November 6, 2026, with approximately $28 million pending appropriations; the announcement uses the name Department of War.",research-instrumentation-and-facilities,changes/ch-ca-dod-durip-fy2027,1563;1561
c-nsf-2026-07-grant-general-conditions,2026-07-31,2026-07-31,day,final,research,"NSF issued new Grant General Conditions (GC-1) and cooperative agreement conditions dated July 31, 2026.",,changes/c-nsf-2026-07-grant-general-conditions,262;263
ch-pa-k-early-end-exception-lapsed,2026-07-31,2026-07-31,day,final,people,"The temporary exception allowing a second mentored K application after an award ended early was stated to remain in effect until July 31, 2026; no notice extending it was found in NIH's list of policy notices.",,changes/ch-pa-k-early-end-exception-lapsed,786;80
ch-sb-orr-placement-and-coordination,2026-07-31,2026-07-31,day,final,programme-service,"ORR posted a Placement and Coordination Program notice for initial resettlement services and intensive case management, limited to organisations not already funded for the Program of Initial Resettlement.",children-family-and-ageing-services,changes/ch-sb-orr-placement-and-coordination,1245;1246
ch-re-2026-08-04-pcori-connect,2026-08-04,2026-08-04,day,final,research,"PCORI moved new and resubmitted applications to a new portal, PCORI Connect, starting with Cycle 3 2026 research and dissemination awards and the Fall 2026 engagement awards.",health-services-and-public-health-research,changes/ch-re-2026-08-04-pcori-connect,595
research-security-training-nasa-2026,2026-08-05,2026-08-05,day,final,research,"NASA's research security training certification, set by GIC 26-02 of February 5, 2026, took effect August 5, 2026.",nasa-research-announcements,changes/research-security-training-nasa-2026,383;393
c-rf-ies-fy27-tranches,2026-08-06,2026-08-06,day,announced,research,"IES announced FY 2027 grantmaking in three tranches: five competitions opened August 6, 2026 with an October 1, 2026 deadline; 84.305J and 84.324T are planned for late September or early October 2026; Education Research Grants (84.305A,…",education-social-and-justice-research,changes/c-rf-ies-fy27-tranches,661;662;660
c-rf-ies-rfa-changes-fy27,2026-08-06,2026-08-06,day,final,research,"FY 2027 IES requests for applications cut the project narrative from 22 to 15 pages, add an appendix on the SEER standards and research security requirements, and permit AI use in preparing applications with certification.",education-social-and-justice-research,changes/c-rf-ies-rfa-changes-fy27,663
ch-pd-ies-training-fy27,2026-08-06,2026-08-06,day,final,people,"IES opened its FY 2027 research training competitions (84.305B and 84.324B) with two topics each, Early Career Development and Mentoring and Methods Training; predoctoral and postdoctoral training are not competed.",mentored-career-development-award;institutional-training-grant,changes/ch-pd-ies-training-fy27,995;997;996;660
ch-pe-ies-fy27-competitions-launched,2026-08-06,2026-08-06,day,announced,people,"The Acting Director of IES launched the fiscal year 2027 research competitions in three groups; Research Training Programs (84.305B and 84.324B) are in the first group, and the main research grants follow in December.",,changes/ch-pe-ies-fy27-competitions-launched,661
c-rf-neh-chairman-2026,2026-08-07,2026-08-07,day,final,research,"The Senate confirmed Michael McDonald as Chairman of NEH; NEH states that he had been Acting Chairman from March 2025 until January 2026. A July 22, 2026 release names William English as Acting Chairman.",,changes/c-rf-neh-chairman-2026,708;706
ch-sd-coc-notices-set-aside-2026,2026-08-07,2026-08-07,day,on-appeal,programme-service,"The District of Rhode Island set aside HUD's November 2025 and December 2025 Continuum of Care notices on June 29, 2026 and the FY 2026 notice on August 7, 2026, each under the Administrative Procedure Act, and denied a permanent…",housing-homelessness-and-veterans-services,changes/ch-sd-coc-notices-set-aside-2026,1476;1477;1478;1283
ch-ca-dod-depscor-fy26,2026-08-10,2026-08-10,day,final,capacity,"Two FY26 DEPSCoR notices were posted, Capacity Building ($6 million) and Research Collaboration ($14,400,000), both closing April 5, 2027 and both listing 36 eligible states and territories.",epscor-and-idea-jurisdictions,changes/ch-ca-dod-depscor-fy26,1565;1566
ch-cb-olc-opinion-nsf-programmes,2026-08-12,2026-08-12,day,final,capacity,"The Office of Legal Counsel concluded that NSF's Hispanic-serving institutions programme, AGEP and LSAMP are unconstitutional and inseverable and that NSF may treat their amounts as residual within the $938,250,000 STEM education…",designated-institution-programmes;research-centres-and-institutional-research-capacity,changes/ch-cb-olc-opinion-nsf-programmes,876;1591
ch-pa-k-award-reorganization,2026-08-12,2026-08-12,day,announced,people,"NIH announced that for due dates on or after October 12, 2027 individual K awards are consolidated into KR1, KC1, KS1 and KT1/R00; K applications will no longer need a Data Management and Sharing Plan; and K funds may not support the…",mentored-career-development-award,changes/ch-pa-k-award-reorganization,742;758
ch-pb-olc-opinion-stem-programmes,2026-08-12,2026-08-12,day,final,people,The Department of Justice Office of Legal Counsel issued an opinion to NSF's General Counsel on nine statutory NSF STEM programmes.,student-pipeline-and-access-programmes;health-workforce-training-and-loan-repayment,changes/ch-pb-olc-opinion-stem-programmes,876
ch-pc-nifa-nnf-fy26-no-postdoctoral,2026-08-13,2026-08-13,day,final,people,"The FY 2026 National Needs Fellowship notice, posted August 13, 2026, states that postdoctoral fellowships will not be awarded under it.",institutional-training-grant,changes/ch-pc-nifa-nnf-fy26-no-postdoctoral,962;961
ch-sa-2026-08-13-new-access-points-awards,2026-08-13,2026-08-13,day,final,programme-service,"HHS announced $102 million in New Access Points awards to 158 health centers for 415 new sites. The awards were made under a notice that closed August 30, 2024.",health-and-behavioural-health-services,changes/ch-sa-2026-08-13-new-access-points-awards,1154;1153
ch-ga-2026-08-14-omb-agenda-proposed-rule-stage,2026-08-14,2026-08-14,day,proposed,rules for every award,"OMB's 2026 regulatory agenda (91 FR 53072) listed the Regulation for Federal Financial Assistance, RIN 0348-AB88, in the proposed rule stage, with no date for final action.",,changes/ch-ga-2026-08-14-omb-agenda-proposed-rule-stage,1859
ch-nih-impact-score-rfi,2026-08-14,2026-08-14,day,proposed,research,"NOT-OD-26-088 asks for comment, by October 13, 2026, on a proposal to stop reporting final overall impact scores and percentiles and to report three categories: 'Most competitive' (top 25%), 'Competitive' (26-50%) and 'Not discussed'…",,changes/ch-nih-impact-score-rfi,14
ch-sb-hhs-hud-new-grant-conditions-vacated,2026-08-14,2026-08-14,day,vacated,programme-service,"In Rhode Island Coalition Against Domestic Violence v. Kennedy, brought by 22 non-profits on July 21, 2025, the District of Rhode Island granted summary judgment and vacated the ""New Conditions"" HHS and HUD had added to grants (among…",children-family-and-ageing-services;housing-homelessness-and-veterans-services,changes/ch-sb-hhs-hud-new-grant-conditions-vacated,1272
c-nsf-2026-08-foundational-nofos,2026-08-17,2026-08-17,day,final,research,"NSF released twelve Notices of Funding Opportunity for foundational research worth over $1.5 billion, in BIO, CISE, ENG, GEO and MPS; most accept proposals at any time.",nsf-core-research-proposal;nsf-special-and-cross-cutting-solicitations,changes/c-nsf-2026-08-foundational-nofos,192;185;197;199;227;228
ch-gd-2026-08-17-doe-conflict-of-interest-rule,2026-08-17,2026-08-17,day,final,rules for every award,"DOE's final rule adding conflict of interest and conflict of commitment requirements to 2 CFR part 910 (subpart C), published July 16, 2026 at 91 FR 43511, took effect August 17, 2026 and superseded the interim policy FAL No. 2022-02.",,changes/ch-gd-2026-08-17-doe-conflict-of-interest-rule,2096;2096;2095
ch-pb-foundational-nofos-no-career-stage,2026-08-17,2026-08-17,day,final,people,"NSF posted twelve foundational-research notices in BIO, CISE, ENG, GEO and MPS; none is a fellowship, early-career or training notice.",early-career-faculty-award,changes/ch-pb-foundational-nofos-no-career-stage,192;185;214
ch-fa-simons-empire-faculty-fellowship,2026-08-18,2026-08-18,day,final,foundations,"A magazine report of February 10, 2026 states that the Simons Foundation committed $45 million to a Simons Empire Faculty Fellowship under which New York State research institutions hire 55 junior faculty, with the foundation paying…",,changes/ch-fa-simons-empire-faculty-fellowship,2246;2247;2119
ch-ca-nih-cobre-renamed-phases,2026-08-19,2026-08-19,day,final,capacity,"NIH posted new COBRE notices under the P30 activity code: PAR-27-055 for the Expansion and Sustainability phases (June 18, 2026) and PAR-27-054 for the Development phase (August 19, 2026).",epscor-and-idea-jurisdictions,changes/ch-ca-nih-cobre-renamed-phases,1545;1546;1544
ch-ca-nih-idea-ctr-notice-2026,2026-08-19,2026-08-19,day,final,capacity,"NIH posted PAR-27-056 for IDeA clinical and translational research under the P30 activity code, with a Development track and a Network track; a single-source IDeA Clinical Research Resource Center notice (PAR-28-024) is forecast.",epscor-and-idea-jurisdictions,changes/ch-ca-nih-idea-ctr-notice-2026,1552;1551
ch-gc-nih-draft-biosafety-policy,2026-08-19,2026-08-19,day,proposed,rules for every award,"NIH released a Draft NIH Biosafety Policy for Research Involving Biohazards for comment through October 19, 2026 (NOT-OD-26-112).",,changes/ch-gc-nih-draft-biosafety-policy,2001
ch-cc-fy2026-agency-steps,2026-08-21,2026-08-21,day,final,capacity,"Agencies opened their steps for FY2026 named recipients on different dates: HUD's first communications went out April 29 to May 8, 2026; HRSA's application documents were due June 1, 2026; SAMHSA posted its closed announcement June 12,…",congressionally-directed-project,changes/ch-cc-fy2026-agency-steps,1685;1687;1688;1690
c-rd-2026-08-afri-commodity-topics-withdrawn,2026-08-24,2026-08-24,day,final,research,"NIFA modified the FY 2026 AFRI Foundational and Applied Science notice to withdraw commodity board co-funding topics: American Egg Board topics 2, 3, 4 and 5 (8/18/26) and Nebraska Corn Development, Utilization, and Marketing Board…",agriculture-environment-and-physical-science-agencies,changes/c-rd-2026-08-afri-commodity-topics-withdrawn,405
ch-ca-nsf-epscor-fec-awards-2026,2026-08-24,2026-08-24,day,final,capacity,NSF announced eight Focused EPSCoR Collaborations awards totalling $39.9 million across 16 jurisdictions.,epscor-and-idea-jurisdictions,changes/ch-ca-nsf-epscor-fec-awards-2026,1525
ch-pb-grfp-fy2027-solicitation,2026-08-25,2026-08-25,day,final,people,"NSF posted the FY 2027 GRFP solicitation, NSF 26-526: an estimated 1,500 awards, deadlines moved to October 19-23, 2026 at 8:00 p.m. Eastern Time, and the statement that second-year graduate students are not eligible.",predoctoral-fellowship,changes/ch-pb-grfp-fy2027-solicitation,818;817;228;227
ch-sb-hud-conditions-ninth-circuit,2026-08-25,2026-08-25,day,enjoined,programme-service,"In County of King v. Turner the Ninth Circuit affirmed in large part the June 3, 2025 preliminary injunction against conditions HUD attached to Continuum of Care grants and DOT to its grants, held by local-government plaintiffs, and…",housing-homelessness-and-veterans-services,changes/ch-sb-hud-conditions-ninth-circuit,1335
ch-cb-dod-equipment-notice-hbcu-tcu,2026-08-27,2026-08-27,day,final,capacity,The 2026 equipment and instrumentation notice under the Defense Research and Education Program names HBCUs and tribal colleges as the eligible institutions.,research-instrumentation-and-facilities;designated-institution-programmes,changes/ch-cb-dod-equipment-notice-hbcu-tcu,1627;1625
ch-sc-americorps-fy27-notices,2026-08-28,2026-08-28,day,final,programme-service,"AmeriCorps posted the FY 2027 State and National competitive notice on August 28, 2026 (closing January 13, 2027) and the FY 2027 RSVP notice on August 20, 2026 (closing October 20, 2026).",national-service,changes/ch-sc-americorps-fy27-notices,1374;1376
ch-cb-tennessee-summary-judgment-motion,2026-08-31,2026-08-31,day,in-litigation,capacity,"A law firm litigation summary dated September 30, 2026 reports that the court in the Tennessee case had not ruled on the intervenor's motions to dismiss and for judgment on the pleadings, and that plaintiffs moved for summary judgment…",designated-institution-programmes,changes/ch-cb-tennessee-summary-judgment-motion,1650;1608
ch-cc-nhprc-no-later-cycle,2026-08-31,2026-08-31,day,final,capacity,"The Commission's announcements page, last reviewed August 31, 2026, shows three announcements whose deadlines have passed and no later cycle. The Capacity Building for HBCU Archives notice of 2024 is not on it.",designated-institution-programmes;nonprofit-capacity-building-and-technical-assistance;preservation-facilities-and-capital-grants,changes/ch-cc-nhprc-no-later-cycle,694;1736
ch-gb-2026-09-01-nasa-sciencv-forms,2026-09-01,2026-09-01,day,final,rules for every award,"Under Grant Notice GN 26-01 of June 29, 2026, NASA accepts only NASA-specific biographical sketch and current and pending (other) support forms produced in SciENcv from September 1, 2026, after a period from June 25 to August 31, 2026…",,changes/ch-gb-2026-09-01-nasa-sciencv-forms,1946;1947
ch-pe-nih-lrp-fy27-consolidation,2026-09-01,2026-09-01,day,final,people,"NIH opened the FY27 extramural loan repayment cycle on September 1, 2026 with three subcategories, saying the programme had been consolidated; FOCUS (L70) is marked as new.",health-workforce-training-and-loan-repayment,changes/ch-pe-nih-lrp-fy27-consolidation,1085;762
ch-pe-niosh-fy27-forecasts,2026-09-01,2026-09-01,day,announced,people,"Between July 2 and September 1, 2026 NIOSH posted fifteen forecasts on Grants.gov for fiscal year 2027 notices, among them two mentored career awards, RFA-OH-27-078 and RFA-OH-27-031.",mentored-career-development-award,changes/ch-pe-niosh-fy27-forecasts,1059;1064
ch-sa-2026-09-fy2027-continuing-resolution,2026-09-01,2026-09-01,day,final,programme-service,"A budget tracker reports that a continuing resolution (H.R. 6500) funding the government through December 11, 2026 passed the House on September 1, 2026 and was signed.",,changes/ch-sa-2026-09-fy2027-continuing-resolution,1203;61;1480;1481
ch-cc-fy2027-continuing-resolution,2026-09-02,2026-09-02,day,pending-implementation,capacity,"The Continuing Appropriations and Extensions Act, 2027 (H.R. 6500) was signed in September 2026 and continues appropriations at FY2026 rates through December 11, 2026.",research-instrumentation-and-facilities;congressionally-directed-project;preservation-facilities-and-capital-grants,changes/ch-cc-fy2027-continuing-resolution,61;1683;1666
ch-fb-macarthur-through-2028,2026-09-02,2026-09-02,day,announced,foundations,"The MacArthur Foundation extended its 6 percent payout commitment through 2027 and 2028, with about $190 million in additional spending over the two years, and said it intends to revert to a 5.25 percent target at the end of 2028.",,changes/ch-fb-macarthur-through-2028,2328
ch-ga-2026-09-02-cr-section-157-bars-uniform-guidance-rule,2026-09-02,2026-09-02,day,frozen-by-appropriations,rules for every award,"Section 157 of Public Law 119-103, approved September 2, 2026, provides that through December 11, 2026 a rule to revise the Uniform Guidance arising out of the May 29, 2026 proposal, or a substantially similar rule, shall not be issued…",,changes/ch-ga-2026-09-02-cr-section-157-bars-uniform-guidance-rule,1480;83;1857
ch-sb-head-start-fy2027-competition-forecast,2026-09-02,2026-09-02,day,announced,programme-service,"ACF forecast a Head Start and Early Head Start competition covering service areas in 37 states and territories, with $824,047,328 and 255 expected awards, to be posted October 14, 2026.",children-family-and-ageing-services,changes/ch-sb-head-start-fy2027-competition-forecast,1251;1250
ch-sd-fy2027-continuing-resolution-pl-119-103,2026-09-02,2026-09-02,day,final,programme-service,"The Continuing Appropriations and Extensions Act, 2027 (H.R. 6500) was signed on September 2, 2026 and is Public Law 119-103; it continues appropriations until, at the latest, December 11, 2026.",,changes/ch-sd-fy2027-continuing-resolution-pl-119-103,61;1480;1481
ch-sa-2026-09-03-samhsa-fy2027-forecast,2026-09-03,2026-09-03,day,announced,programme-service,"Eight SAMHSA forecasts for FY 2027 were posted on Grants.gov on September 3, 2026, with estimated posting dates of December 15, 2026 on those read.",health-and-behavioural-health-services,changes/ch-sa-2026-09-03-samhsa-fy2027-forecast,1108;1115;1205
ch-pc-hubble-2027-application-changes,2026-09-14,2026-09-14,day,final,people,"For the 2027 class the Hubble fellowship announcement requires applicants to disclose any use of AI in application materials, limits host justifications to 250 words each and restates the cap of two new fellows per host a year.",postdoctoral-fellowship,changes/ch-pc-hubble-2027-application-changes,946;947
ch-fb-arnold-k12-rfp,2026-09,2026-09-15,month,final,foundations,"Arnold Ventures issued a request for proposals for causal research on K-12 school policies, with letters of interest due November 13, 2026 and full proposals January 31, 2027.",foundation-research-grant,changes/ch-fb-arnold-k12-rfp,2321
ch-gb-2026-iedison-agencies-added,2026-09,2026-09-15,month,final,rules for every award,"NIST's iEdison page lists agencies that joined the system in 2026: USACE/ERDC in July, DLA in August and MDA in September.",,changes/ch-gb-2026-iedison-agencies-added,1951
ch-pd-imls-lb21-fy27-notice,2026-09,2026-09-15,month,final,people,"IMLS issued the FY 2027 Laura Bush 21st Century Librarian notice with a deadline of November 13, 2026, $8,500,000 anticipated for 35 awards, and a Director's letter encouraging proposals tied to the 250th anniversary and to Executive…",institutional-training-grant,changes/ch-pd-imls-lb21-fy27-notice,990
onr-lrbaa-extended-2026,2026-09,2026-09-15,month,final,research,Amendment 0008 moved the proposal deadline of ONR's long-range announcement to 31 December 2026.,defense-basic-research,changes/onr-lrbaa-extended-2026,334;316
ch-sb-coc-fy2026-notice,2026-09-16,2026-09-16,day,on-appeal,programme-service,"HUD posted the FY2026 Continuum of Care notice on June 1, 2026 and amended it July 24, 2026.",housing-homelessness-and-veterans-services,changes/ch-sb-coc-fy2026-notice,1283;1285;1286;1287;1478
c-rd-2026-09-21-usgs-wrri-notices,2026-09-21,2026-09-21,day,pending-implementation,research,"USGS reported that the FY26 104(b) Base and 104(g) PFAS water resources notices were at their final level of approval with no timeline, and that the 104(g) General notice was approved; it posted on September 30, 2026.",agriculture-environment-and-physical-science-agencies,changes/c-rd-2026-09-21-usgs-wrri-notices,484;486
ch-sd-prwora-notices-vacated-2026-09-21,2026-09-21,2026-09-21,day,vacated,programme-service,"The District of Rhode Island declared the 2025 PRWORA ""federal public benefit"" notices of the Departments of Justice, Health and Human Services, Education, Labor, and Housing and Urban Development unlawful and vacated them, and…",health-and-behavioural-health-services;children-family-and-ageing-services;formula-money-through-the-state,changes/ch-sd-prwora-notices-vacated-2026-09-21,1479
ch-ga-2026-09-22-senate-letter-on-reported-nih-grant-review-order,2026-09-22,2026-09-22,day,proposed,rules for every award,"The chair of the Senate Appropriations Committee released a statement on September 21, 2026 and a letter to the OMB and NIH Directors on September 22, 2026 about an executive order reported to be in preparation that would add a review…",,changes/ch-ga-2026-09-22-senate-letter-on-reported-nih-grant-review-order,1891;1892;2097;2108
ch-pd-nidilrr-fy27-forecasts,2026-09-25,2026-09-25,day,announced,people,"ACL posted 15 forecasts for fiscal year 2027, among them three ARRT competitions (Health and Function, Employment, Community Living and Participation) and no Switzer fellowship; the last Switzer notices were for fiscal year 2025.",institutional-training-grant,changes/ch-pd-nidilrr-fy27-forecasts,1044;1041
ch-ca-nih-s15-notice-expired,2026-09-26,2026-09-26,day,final,capacity,The S15 equipment notice PAR-24-259 reached its expiration date; no successor notice was found in this sweep.,research-instrumentation-and-facilities,changes/ch-ca-nih-s15-notice-expired,1540;1539
ch-nih-fy2027-continuing-resolution,2026-09-28,2026-09-28,day,final,research,"NOT-OD-26-131 states that NIH operates under Public Law 119-103, the Continuing Appropriations and Extensions Act, 2027, through December 11, 2026 at the FY 2026 enacted level, and issues non-competing awards below the level on the most…",,changes/ch-nih-fy2027-continuing-resolution,83;61
ch-pa-fy2027-continuing-resolution,2026-09-28,2026-09-28,day,pending-implementation,people,"NIH's list of policy notices shows NOT-OD-26-131, 'NIH Operates Under a Continuing Resolution', dated September 28, 2026. No FY 2027 NRSA stipend notice was listed on 2026-10-04, so the FY 2026 levels are the latest published.",,changes/ch-pa-fy2027-continuing-resolution,80;731
ch-sc-epa-brownfields-fy27-no-multipurpose,2026-09-28,2026-09-28,day,announced,programme-service,"EPA's FY 2027 brownfields preview lists no Multipurpose Grants and about $64 million across assessment, revolving loan fund and cleanup grants.",food-environment-and-community-development,changes/ch-sc-epa-brownfields-fy27-no-multipurpose,1420
c-nsf-2026-09-sbe-programmes-waiting,2026-09-30,2026-09-30,day,announced,research,SBE programme pages updated in July and September 2026 show no upcoming due dates and state that each programme is waiting for a new publication. The CRCNS page carries the same notice.,nsf-core-research-proposal;nsf-special-and-cross-cutting-solicitations,changes/c-nsf-2026-09-sbe-programmes-waiting,224;226;225;274
c-rd-2026-09-30-noaa-oar-baa-closed,2026-09-30,2026-09-30,day,final,research,NOAA's research office broad agency announcement for FY 2024-2026 closed; no successor was found on Grants.gov on the sweep date.,agriculture-environment-and-physical-science-agencies,changes/c-rd-2026-09-30-noaa-oar-baa-closed,478;475
ch-fc-cdc-foundation-administrative-award-forecast,2026-09-30,2026-09-30,day,announced,foundations,"CDC forecast a funding opportunity, CDC-RFA-CD-27-0067, for the administrative costs of the National Foundation for CDC, with an estimated post date of September 30, 2026 and an estimated close date of December 1, 2026; it was still…",,changes/ch-fc-cdc-foundation-administrative-award-forecast,2451
c-rd-2026-10-01-epa-terms,2026-10-01,2026-10-01,day,final,research,"EPA General Terms and Conditions effective October 1, 2026 or later replaced the version effective October 1, 2025; the text was not read.",,changes/c-rd-2026-10-01-epa-terms,473
c-rf-nea-dei-certification,2026-10-04,2026-10-04,day,final,research,"On the sweep date the NEA Assurance of Compliance required applicants to certify, citing Executive Order 14173, that they operate no DEI programmes that violate applicable federal anti-discrimination laws.",humanities-arts-and-cultural-heritage-research,changes/c-rf-nea-dei-certification,656
c-rf-nea-gap-guidelines,2026-10-04,2026-10-04,day,announced,research,"The NEA grants page states that Grants for Arts Projects deadlines have passed, that new guidelines are anticipated by late December 2026, and that Challenge America and Our Town are now part of the Grants for Arts Projects application…",,changes/c-rf-nea-gap-guidelines,653;654
c-rf-neh-programme-list-2026,2026-10-04,2026-10-04,day,announced,research,"On the sweep date the Division of Collections & Infrastructure listed Collections Stewardship, Rediscovering Our Revolutionary Tradition, Celebrate America! Chairman's Grants, Endowments for Advancing the Humanities, the National…",humanities-arts-and-cultural-heritage-research,changes/c-rf-neh-programme-list-2026,645;639;640;637
ch-ca-nasa-epscor-no-notice-since-fy2025,2026-10-04,2026-10-04,day,final,capacity,"As read on 2026-10-04, the newest NASA EPSCoR notices on Grants.gov are the two FY 2025 notices posted in October and November 2024; NASA's page shows Research Infrastructure Development dates as ""FY 2026 (TBD)"".",epscor-and-idea-jurisdictions,changes/ch-ca-nasa-epscor-no-notice-since-fy2025,1572;1571
ch-ca-nsf-capacity-solicitations-awaiting-republication,2026-10-04,2026-10-04,day,final,capacity,"As read on 2026-10-04, these NSF capacity solicitations had no open deadline: MRI (archived), Mid-scale RI-1 (waiting for new publication), Mid-scale RI-2 (archived), Campus Cyberinfrastructure (waiting for a new publication), EPIIC…",research-instrumentation-and-facilities;designated-institution-programmes;research-centres-and-institutional-research-capacity,changes/ch-ca-nsf-capacity-solicitations-awaiting-republication,1513;1531;1532;1533;1530;1529
ch-ca-nsf-mri-updated-solicitation-anticipated,2026-10-04,2026-10-04,day,announced,capacity,"As read on 2026-10-04, the MRI solicitation NSF 23-519 is labelled Archived and NSF states it anticipates issuing an updated solicitation for proposals in FY 2027.",research-instrumentation-and-facilities,changes/ch-ca-nsf-mri-updated-solicitation-anticipated,1513;1514
ch-cb-nsf-opportunity-page-states,2026-10-04,2026-10-04,day,final,capacity,"On October 4, 2026 NSF's pages showed HBCU-UP, CREST and LSAMP as waiting for a new publication and the Hispanic-serving institutions solicitation, AGEP and ADVANCE as archived; TCUP and HBCU-EiR carried current deadlines.",designated-institution-programmes;research-centres-and-institutional-research-capacity,changes/ch-cb-nsf-opportunity-page-states,1611;1612;881;1609;882;1660;1613;1610;231;154
ch-cc-eda-university-centers-not-funded,2026-10-04,2026-10-04,day,announced,capacity,EDA's University Center page states that funding is not available to continue support for the programme; the date of that statement is not shown.,research-centres-and-institutional-research-capacity,changes/ch-cc-eda-university-centers-not-funded,1722
ch-cc-ovw-tta-not-accepting-fy2026,2026-10-04,2026-10-04,day,announced,capacity,"The Office on Violence Against Women's FY 2026 list marks the Training and Technical Assistance Initiative, the Campus Program and the Underserved Program, among others, as not currently accepting applications.",nonprofit-capacity-building-and-technical-assistance,changes/ch-cc-ovw-tta-not-accepting-fy2026,1263
ch-cd-ed-programme-pages-read-2026-10,2026-10-04,2026-10-04,day,final,capacity,"Read on 2026-10-04, the Department of Education's PPOHA page shows Closed and FY 2024 data only (last updated August 13, 2026), its HSI STEM and Articulation page shows a FY 2021-FY 2025 cohort and nothing for FY 2026, and its MSEIP…",designated-institution-programmes,changes/ch-cd-ed-programme-pages-read-2026-10,1766;1767;1770;1768;1769
ch-fa-czi-science-rfas-closed,2026-10-04,2026-10-04,day,final,foundations,On 2026-10-04 every one of the 28 science Requests for Applications on the Chan Zuckerberg Initiative's Science Funding page was marked closed; the page gives no statement about future RFAs.,,changes/ch-fa-czi-science-rfas-closed,2172
ch-fa-ddf-physician-scientist-pages-gone,2026-10-04,2026-10-04,day,final,foundations,"On 2026-10-04 the Doris Duke Foundation's addresses for its Physician Scientist Fellowship and early-career medical research pages returned the general Medical Research page, which names no fellowship competition; the one medical…",,changes/ch-fa-ddf-physician-scientist-pages-gone,2179;2177;2236
ch-fc-pnd-rfp-listing-redirect,2026-10-04,2026-10-04,day,final,foundations,"On 2026-10-04 the address of the Philanthropy News Digest requests-for-proposals listing, philanthropynewsdigest.org/rfps, redirected to a Candid search page, where requests for proposals are listed as a feature of subscription plans;…",,changes/ch-fc-pnd-rfp-listing-redirect,2401
ch-gd-2026-10-04-omb-proposal-status-check,2026-10-04,2026-10-04,day,frozen-by-appropriations,rules for every award,"When read on 2026-10-04 the Federal Register record for OMB's proposed ""Regulation for Federal Financial Assistance"" showed no correction and no effective date, and the date OMB had proposed for a final rule, October 1, 2026, had passed…",,changes/ch-gd-2026-10-04-omb-proposal-status-check,1858;2093;1480
ch-pd-nea-literature-fellowships-not-listed,2026-10-04,2026-10-04,day,announced,people,On the sweep date the NEA's grants page listed six categories and neither Creative Writing Fellowships nor Translation Projects; both programme pages still carried FY 2026 guidelines with 2025 deadlines.,humanities-arts-and-international-fellowships,changes/ch-pd-nea-literature-fellowships-not-listed,653;1006;1008
ch-pd-neh-2027-calendar,2026-10-04,2026-10-04,day,announced,people,"NEH's programme pages give the next cycle for its four individual awards as opening January 15, 2027 and closing April 14, 2027, with notification January 31, 2028; the 2026 Fellowships deadline was April 22, 2026.",humanities-arts-and-international-fellowships,changes/ch-pd-neh-2027-calendar,986;1003;1004;1005;988
ch-pe-neh-fpiri-no-notice-2025-2026,2026-10-04,2026-10-04,day,announced,people,"Grants.gov shows no notice for Fellowship Programs at Independent Research Institutions after the one that closed August 14, 2024; the programme had a notice every year or two from 2008.",institutional-training-grant;humanities-arts-and-international-fellowships,changes/ch-pe-neh-fpiri-no-notice-2025-2026,1048
ch-pe-orise-dhs-pages-removed,2026-10-04,2026-10-04,day,announced,people,On the sweep date the ORISE addresses for the DHS HS-POWER programme and the DHS Summer Research Team Program returned ORISE's page-not-found page. Neither page says whether the programmes ended or moved.,student-pipeline-and-access-programmes,changes/ch-pe-orise-dhs-pages-removed,1104;1105
ch-sc-imls-fy27-notices,2026-10-04,2026-10-04,day,final,programme-service,"IMLS's FY 2027 notices for Museums for America, Inspire!, Native American/Native Hawaiian Museum Services, Native American Library Services and Native Hawaiian Library Services were open with a November 13, 2026 deadline.",arts-humanities-libraries-and-media,changes/ch-sc-imls-fy27-notices,686;1367;1368;1369;1370;1371
ch-sc-nea-challenge-our-town-folded-into-gap,2026-10-04,2026-10-04,day,announced,programme-service,"On the sweep date Challenge America and Our Town were disciplines inside Grants for Arts Projects, not separate applications. The NEA expects new guidelines by late December 2026.",arts-humanities-libraries-and-media,changes/ch-sc-nea-challenge-our-town-folded-into-gap,1357;1358;654
ch-sc-neh-lifelong-learning-deadlines,2026-10-04,2026-10-04,day,announced,programme-service,"On the sweep date NEH's list of upcoming deadlines held three programmes, all in the Division of Lifelong Learning and all due December 9, 2026: Public Humanities Projects and the two Landmarks and Summer Institutes competitions.",arts-humanities-libraries-and-media,changes/ch-sc-neh-lifelong-learning-deadlines,630
ch-sc-usda-fns-site-renamed,2026-10-04,2026-10-04,day,final,programme-service,On the sweep date fns.usda.gov redirected to fna.usda.gov and the site carried the name Food and Nutrition Administration; no page explaining the change was read.,food-environment-and-community-development,changes/ch-sc-usda-fns-site-renamed,1413
